block_id,analytical_estimate_min,trains_affected,total_detention_min,rerouted_count,cancelled_count,time_band
BLK-2025-00001,0,0,0,0,0,00-06
BLK-2025-00003,20077,66,23946,0,0,00-06
BLK-2026-00005,1173,16,1356,0,0,00-06
BLK-2025-00007,106,13,108,13,0,00-06
BLK-2026-00009,0,0,0,0,0,00-06
BLK-2026-00012,0,0,0,0,0,00-06
BLK-2025-00013,74389,123,88484,0,0,00-06
BLK-2026-00014,29,4,19,4,0,00-06
BLK-2026-00015,0,0,0,0,0,00-06
BLK-2025-00016,40,6,51,6,0,00-06
BLK-2025-00018,0,0,0,0,0,00-06
BLK-2026-00019,238,6,256,1,0,00-06
BLK-2026-00020,858,10,943,0,0,00-06
BLK-2026-00022,1030,15,1244,0,0,12-18
BLK-2026-00023,66,7,79,7,0,00-06
BLK-2025-00024,6291,37,7641,0,0,00-06
BLK-2026-00028,26,3,21,3,0,00-06
BLK-2026-00029,20904,67,24463,0,0,00-06
BLK-2026-00030,6,1,6,1,0,00-06
BLK-2025-00033,0,0,0,0,0,00-06
BLK-2026-00035,89,1,98,0,0,00-06
BLK-2025-00038,99,13,160,13,0,18-24
BLK-2026-00039,223,28,237,28,0,00-06
BLK-2026-00040,31,4,23,4,0,00-06
BLK-2025-00045,6,1,8,1,0,00-06
BLK-2026-00046,6,1,3,1,0,00-06
BLK-2026-00047,0,0,0,0,0,00-06
BLK-2026-00049,11,2,17,2,0,00-06
BLK-2026-00051,4173,22,4462,1,0,00-06
BLK-2026-00052,7604,29,8062,1,0,00-06
BLK-2026-00054,421,10,467,0,0,00-06
BLK-2026-00055,169,4,183,0,0,00-06
BLK-2026-00056,6,1,5,1,0,00-06
BLK-2026-00057,407,9,450,0,0,00-06
BLK-2025-00060,177,22,252,22,0,18-24
BLK-2026-00061,71,8,62,8,0,00-06
BLK-2026-00062,7646,29,8676,0,0,12-18
BLK-2026-00065,9477,45,11222,0,0,00-06
BLK-2026-00066,191,5,200,0,0,00-06
BLK-2026-00067,0,0,0,0,0,00-06
BLK-2026-00069,0,0,0,0,0,00-06
BLK-2026-00070,601,7,663,0,0,00-06
BLK-2026-00071,29,4,32,4,0,06-12
BLK-2026-00072,1713,11,1851,0,0,00-06
BLK-2025-00074,54,6,63,6,0,00-06
BLK-2025-00075,81,11,76,11,0,00-06
BLK-2026-00076,474,8,568,0,0,00-06
BLK-2026-00077,0,0,0,0,0,00-06
BLK-2025-00078,23,3,30,3,0,00-06
BLK-2026-00079,365,9,424,0,0,00-06
BLK-2026-00080,34,5,51,5,0,00-06
BLK-2026-00081,1701,13,1866,0,0,00-06
BLK-2026-00082,167,22,266,22,0,18-24
BLK-2026-00083,23,3,26,3,0,00-06
BLK-2026-00084,23,3,31,3,0,00-06
BLK-2026-00086,220,28,287,28,0,00-06
BLK-2026-00087,23,3,30,3,0,00-06
BLK-2026-00088,6,1,8,1,0,00-06
BLK-2026-00089,858,12,977,0,0,00-06
BLK-2025-00092,241,30,286,30,0,00-06
BLK-2026-00093,17557,60,21375,0,0,00-06
BLK-2026-00097,0,0,0,0,0,00-06
BLK-2026-00098,162,20,117,20,0,00-06
BLK-2026-00100,17129,61,19626,0,0,00-06
BLK-2026-00102,282,35,293,35,0,00-06
BLK-2026-00104,428,6,462,0,0,00-06
BLK-2026-00105,62,10,80,10,0,00-06
BLK-2026-00107,16978,43,18086,1,0,00-06
BLK-2026-00108,17,3,16,3,0,00-06
BLK-2026-00109,17035,60,20594,0,0,00-06
BLK-2026-00110,285,6,314,1,0,00-06
BLK-2026-00111,8683,31,9132,1,0,00-06
BLK-2025-00112,174,22,131,22,0,00-06
BLK-2025-00113,182,24,265,24,0,18-24
BLK-2026-00114,0,0,0,0,0,00-06
BLK-2026-00115,674,12,806,0,0,00-06
BLK-2025-00116,195,5,224,0,0,00-06
BLK-2025-00117,61,8,52,8,0,00-06
BLK-2026-00118,23,3,24,3,0,00-06
BLK-2025-00120,29,4,30,4,0,00-06
BLK-2026-00121,6465,37,7690,0,0,00-06
BLK-2026-00123,11,2,11,2,0,00-06
BLK-2025-00125,133,5,140,0,0,00-06
BLK-2026-00126,0,0,0,0,0,00-06
BLK-2026-00127,42,5,44,5,0,00-06
BLK-2026-00128,2577,8,2670,0,0,00-06
BLK-2026-00131,40,6,32,6,0,00-06
BLK-2026-00132,105,12,90,12,0,00-06
BLK-2025-00133,0,0,0,0,0,00-06
BLK-2026-00134,11,2,17,2,0,00-06
BLK-2026-00136,50,6,63,6,0,00-06
BLK-2026-00137,4942,33,6042,0,0,00-06
BLK-2026-00138,46,7,58,7,0,00-06
BLK-2026-00140,46,7,40,7,0,00-06
BLK-2026-00141,71,8,102,8,0,00-06
BLK-2026-00142,0,0,0,0,0,00-06
BLK-2026-00144,0,0,0,0,0,18-24
BLK-2025-00145,0,0,0,0,0,00-06
BLK-2025-00146,5304,34,6362,0,0,00-06
BLK-2026-00148,0,0,0,0,0,00-06
BLK-2025-00149,395,3,445,0,0,12-18
BLK-2026-00150,34,5,50,5,0,00-06
BLK-2026-00152,0,0,0,0,0,00-06
BLK-2026-00153,23,3,31,3,0,12-18
BLK-2026-00154,40,6,49,6,0,00-06
BLK-2026-00155,0,0,0,0,0,00-06
BLK-2026-00157,3582,28,4261,0,0,00-06
BLK-2026-00159,0,0,0,0,0,00-06
BLK-2026-00160,26795,76,30672,0,0,00-06
BLK-2025-00162,34,5,50,5,0,00-06
BLK-2026-00165,23,3,20,3,0,00-06
BLK-2026-00166,150,6,169,0,0,00-06
BLK-2026-00167,0,0,0,0,0,00-06
BLK-2026-00168,11,2,13,2,0,00-06
BLK-2026-00170,40,6,57,6,0,00-06
BLK-2025-00171,11,2,12,2,0,00-06
BLK-2026-00172,29,4,37,4,0,00-06
BLK-2025-00173,262,8,316,0,0,00-06
BLK-2026-00174,10858,48,12737,0,0,00-06
BLK-2026-00175,0,0,0,0,0,00-06
BLK-2026-00177,55,7,69,7,0,00-06
BLK-2025-00179,6,1,9,1,0,00-06
BLK-2026-00180,142,18,200,18,0,00-06
BLK-2026-00181,29,4,27,4,0,00-06
BLK-2025-00185,11,2,8,2,0,00-06
BLK-2026-00186,25,1,24,0,0,00-06
BLK-2026-00187,655,12,791,0,0,00-06
BLK-2026-00188,3332,21,3956,2,0,18-24
BLK-2026-00189,67,8,56,8,0,00-06
BLK-2025-00190,34,5,44,5,0,00-06
BLK-2026-00191,101,14,142,14,0,00-06
BLK-2026-00192,93,11,112,11,0,00-06
BLK-2026-00193,6018,26,6787,1,0,00-06
BLK-2025-00195,4026,29,4982,0,0,12-18
BLK-2025-00196,0,0,0,0,0,00-06
BLK-2026-00197,54,6,49,6,0,00-06
BLK-2026-00199,28,3,36,0,0,00-06
BLK-2025-00200,10783,48,13053,0,0,00-06
BLK-2025-00202,0,0,0,0,0,00-06
BLK-2026-00203,6,1,9,1,0,00-06
BLK-2026-00207,401,3,409,0,0,00-06
BLK-2026-00209,6,1,5,1,0,00-06
BLK-2026-00210,11,2,16,2,0,00-06
BLK-2026-00211,40,6,37,6,0,00-06
BLK-2026-00214,0,0,0,0,0,00-06
BLK-2026-00215,3123,26,3731,0,0,00-06
BLK-2026-00216,104,14,87,14,0,00-06
BLK-2026-00217,658,4,693,0,0,00-06
BLK-2025-00218,5328,25,6005,1,0,00-06
BLK-2025-00219,139,18,164,18,0,06-12
BLK-2025-00220,46,7,36,7,0,00-06
BLK-2026-00221,5667,33,6450,0,0,00-06
BLK-2026-00222,66,7,65,7,0,00-06
BLK-2026-00224,18,2,13,2,0,00-06
BLK-2026-00225,2717,18,3102,1,0,12-18
BLK-2026-00226,30557,78,34681,0,0,00-06
BLK-2026-00228,29,4,28,4,0,00-06
BLK-2026-00229,3747,17,3969,0,0,00-06
BLK-2026-00230,0,0,0,0,0,00-06
BLK-2026-00231,11,2,19,2,0,00-06
BLK-2025-00233,3835,27,4288,0,0,00-06
BLK-2026-00234,1619,16,1790,0,0,00-06
BLK-2026-00235,462,9,547,0,0,00-06
BLK-2026-00236,5478,25,6152,1,0,12-18
BLK-2026-00238,42,5,50,5,0,00-06
BLK-2025-00239,4594,31,5470,0,0,00-06
BLK-2026-00242,23,3,29,3,0,12-18
BLK-2025-00243,17,3,19,3,0,00-06
BLK-2025-00245,721,7,807,0,0,00-06
BLK-2026-00246,103,4,124,0,0,00-06
BLK-2026-00247,0,0,0,0,0,00-06
BLK-2026-00248,11,2,15,2,0,00-06
BLK-2026-00249,23,3,26,3,0,00-06
BLK-2026-00251,6,1,7,1,0,00-06
BLK-2026-00254,11,2,6,2,0,00-06
BLK-2025-00256,566,11,664,0,0,00-06
BLK-2025-00257,2097,15,2274,0,0,00-06
BLK-2026-00258,0,0,0,0,0,00-06
BLK-2026-00259,6,1,8,1,0,00-06
BLK-2026-00260,1516,18,1736,0,0,00-06
BLK-2025-00261,66,7,85,7,0,00-06
BLK-2025-00263,0,0,0,0,0,00-06
BLK-2026-00264,3713,28,4369,0,0,00-06
BLK-2026-00265,61,8,48,8,0,12-18
BLK-2026-00266,9266,45,10536,0,0,00-06
BLK-2026-00267,0,0,0,0,0,00-06
BLK-2025-00269,1047,11,1399,0,0,06-12
BLK-2025-00272,13478,54,15584,0,0,00-06
BLK-2026-00273,1572,18,1877,0,0,00-06
BLK-2026-00274,0,0,0,0,0,00-06
BLK-2026-00275,0,0,0,0,0,00-06
BLK-2026-00277,898,8,1009,0,0,00-06
BLK-2026-00278,72,10,75,10,0,00-06
BLK-2026-00279,3296,20,3529,1,0,00-06
BLK-2026-00283,2,1,0,0,0,00-06
BLK-2026-00284,773,13,1041,0,0,06-12
BLK-2026-00285,2886,25,3337,0,0,00-06
BLK-2026-00286,71,8,99,8,0,00-06
BLK-2026-00287,117,15,125,15,0,00-06
BLK-2026-00288,0,0,0,0,0,00-06
BLK-2025-00290,8939,42,10814,0,0,00-06
BLK-2026-00291,0,0,0,0,0,00-06
BLK-2026-00293,3370,27,4571,0,0,06-12
BLK-2026-00294,11,2,15,2,0,00-06
BLK-2026-00295,6,1,4,1,0,00-06
BLK-2026-00296,90,1,95,0,0,00-06
BLK-2025-00297,6,1,7,1,0,00-06
BLK-2025-00299,6,1,7,1,0,00-06
BLK-2026-00300,4643,32,5524,0,0,00-06
BLK-2026-00301,82,10,77,10,0,00-06
BLK-2026-00302,110,13,123,13,0,00-06
BLK-2026-00303,2658,24,3123,0,0,00-06
BLK-2025-00304,0,0,0,0,0,00-06
BLK-2026-00306,18870,64,22070,0,0,00-06
BLK-2026-00307,1412,10,1585,0,0,00-06
BLK-2026-00308,0,0,0,0,0,00-06
BLK-2026-00310,10118,47,12501,0,0,00-06
BLK-2026-00311,116,14,129,14,0,00-06
BLK-2026-00314,174,22,155,22,0,00-06
BLK-2026-00317,11,2,18,2,0,00-06
BLK-2025-00320,6,1,7,1,0,00-06
BLK-2026-00325,25,1,29,0,0,00-06
BLK-2025-00326,5410,34,6059,0,0,00-06
BLK-2025-00327,34,5,21,5,0,00-06
BLK-2026-00328,27486,73,31051,0,0,00-06
BLK-2026-00329,415,7,474,0,0,12-18
BLK-2025-00331,1554,6,1874,0,0,06-12
BLK-2026-00333,164,5,185,0,0,00-06
BLK-2026-00334,66,7,54,7,0,00-06
BLK-2026-00335,499,4,502,0,0,00-06
BLK-2025-00336,7867,41,9112,0,0,00-06
BLK-2026-00337,253,32,218,32,0,00-06
BLK-2025-00338,82,10,103,10,0,00-06
BLK-2026-00339,0,0,0,0,0,00-06
BLK-2025-00343,11,2,6,2,0,00-06
BLK-2026-00344,564,7,622,0,0,00-06
BLK-2025-00345,37,2,44,0,0,00-06
BLK-2026-00346,17,3,22,3,0,00-06
BLK-2025-00348,0,0,0,0,0,00-06
BLK-2026-00349,324,3,343,0,0,00-06
BLK-2025-00352,29,4,35,4,0,00-06
BLK-2026-00353,1099,15,1512,0,0,06-12
BLK-2026-00355,0,0,0,0,0,00-06
BLK-2026-00356,6,1,4,1,0,00-06
BLK-2025-00359,0,0,0,0,0,00-06
BLK-2026-00360,3713,28,4308,0,0,00-06
BLK-2026-00361,6,1,5,1,0,00-06
BLK-2025-00362,2214,13,2256,0,0,00-06
BLK-2026-00363,2354,16,2454,0,0,00-06
BLK-2026-00367,370,5,407,0,0,00-06
BLK-2025-00368,31,4,45,4,0,00-06
BLK-2026-00371,34,5,44,5,0,00-06
BLK-2026-00372,5429,24,6086,0,0,00-06
BLK-2026-00374,71,8,80,8,0,00-06
BLK-2026-00376,218,7,272,0,0,00-06
BLK-2026-00377,17,3,27,3,0,00-06
BLK-2026-00380,933,5,970,0,0,00-06
BLK-2026-00383,71,8,73,8,0,00-06
BLK-2025-00384,7240,39,9176,0,0,12-18
BLK-2026-00385,0,0,0,0,0,00-06
BLK-2026-00387,12332,51,14266,0,0,00-06
BLK-2026-00388,9688,46,11643,0,0,00-06
BLK-2026-00389,2064,21,2518,0,0,00-06
BLK-2025-00390,376,3,375,0,0,00-06
BLK-2025-00391,220,28,206,28,0,00-06
BLK-2026-00393,0,0,0,0,0,00-06
BLK-2026-00394,171,21,224,21,0,00-06
BLK-2026-00395,6,1,6,1,0,00-06
BLK-2026-00399,6,1,7,1,0,00-06
BLK-2026-00400,22,4,26,4,0,00-06
BLK-2026-00401,3997,21,5207,0,0,06-12
BLK-2026-00403,3042,26,3696,0,0,00-06
BLK-2025-00404,26,4,27,4,0,00-06
BLK-2026-00405,339,7,374,0,0,00-06
BLK-2026-00406,0,0,0,0,0,00-06
BLK-2025-00408,0,0,0,0,0,00-06
BLK-2025-00409,0,0,0,0,0,00-06
BLK-2026-00411,919,8,934,0,0,00-06
BLK-2026-00412,11,2,16,2,0,00-06
BLK-2026-00413,283,2,309,0,1,12-18
BLK-2026-00417,77,9,108,9,0,00-06
BLK-2026-00418,0,0,0,0,0,00-06
BLK-2025-00419,0,0,0,0,0,00-06
BLK-2026-00423,42,5,55,5,0,00-06
BLK-2026-00424,40,6,61,6,0,00-06
BLK-2026-00425,69,2,69,0,0,00-06
BLK-2026-00427,40,6,42,6,0,00-06
BLK-2026-00428,22,4,28,4,0,00-06
BLK-2025-00433,389,5,392,0,0,00-06
BLK-2026-00434,566,11,682,0,0,00-06
BLK-2026-00435,0,0,0,0,0,00-06
BLK-2026-00437,0,0,0,0,0,00-06
BLK-2026-00439,7748,30,8355,1,0,00-06
BLK-2026-00440,87,3,95,0,0,00-06
BLK-2026-00441,6,1,6,1,0,00-06
BLK-2025-00442,177,22,174,22,0,00-06
BLK-2026-00443,2129,21,2570,0,0,00-06
BLK-2026-00444,34,2,38,0,0,00-06
BLK-2026-00446,77,9,89,9,0,00-06
BLK-2026-00447,32,2,30,0,0,00-06
BLK-2025-00448,110,13,96,13,0,00-06
BLK-2026-00449,3496,27,4048,0,0,00-06
BLK-2026-00450,147,19,178,19,0,00-06
BLK-2026-00451,412,6,451,0,0,00-06
BLK-2025-00452,902,5,1035,0,0,12-18
BLK-2026-00453,0,0,0,0,0,00-06
BLK-2026-00454,186,23,210,23,0,00-06
BLK-2026-00457,78,10,100,10,0,00-06
BLK-2026-00458,18,2,17,2,0,00-06
BLK-2026-00459,8787,43,11717,0,0,06-12
BLK-2026-00460,739,13,871,0,0,00-06
BLK-2026-00461,74,2,84,0,0,00-06
BLK-2026-00462,0,0,0,0,0,00-06
BLK-2026-00465,34,5,25,5,0,00-06
BLK-2026-00466,0,0,0,0,0,00-06
BLK-2025-00467,467,6,499,0,0,00-06
BLK-2026-00468,2925,25,3939,0,0,06-12
BLK-2026-00469,355,6,362,0,0,00-06
BLK-2026-00471,4449,31,5205,0,0,00-06
BLK-2026-00473,18815,62,22596,0,0,00-06
BLK-2026-00474,0,0,0,0,0,00-06
BLK-2026-00477,46,7,58,7,0,00-06
BLK-2026-00478,23260,71,28269,0,0,00-06
BLK-2025-00479,711,12,807,0,0,00-06
BLK-2026-00480,55,7,45,7,0,12-18
BLK-2026-00482,0,0,0,0,0,00-06
BLK-2025-00484,11,2,14,2,0,00-06
BLK-2026-00485,6,1,4,1,0,00-06
BLK-2026-00486,0,0,0,0,0,00-06
BLK-2025-00487,17537,60,21361,0,0,12-18
BLK-2026-00488,81,4,103,0,0,00-06
BLK-2026-00489,8653,43,11477,0,0,06-12
BLK-2026-00490,93,12,131,12,0,06-12
BLK-2026-00492,14801,41,16483,1,0,00-06
BLK-2026-00493,40,6,40,6,0,00-06
BLK-2026-00494,11237,49,14115,0,0,12-18
BLK-2026-00495,2925,25,3360,0,0,00-06
BLK-2026-00496,94,12,79,12,0,00-06
BLK-2026-00497,6,1,5,1,0,00-06
BLK-2026-00498,128,2,137,0,0,00-06
BLK-2026-00499,0,0,0,0,0,00-06
BLK-2025-00500,0,0,0,0,0,00-06
BLK-2025-00501,11,2,9,2,0,00-06
BLK-2026-00503,0,0,0,0,0,00-06
BLK-2026-00505,6,1,8,1,0,00-06
BLK-2026-00506,22,4,35,4,0,18-24
BLK-2026-00507,0,0,0,0,0,00-06
BLK-2026-00508,2078,19,2377,0,0,00-06
BLK-2026-00509,0,0,0,0,0,00-06
BLK-2026-00510,17,3,11,3,0,00-06
BLK-2026-00512,0,0,0,0,0,00-06
BLK-2026-00513,0,0,0,0,0,00-06
BLK-2026-00514,12411,52,14116,0,0,00-06
BLK-2026-00515,0,0,0,0,0,00-06
BLK-2026-00516,162,21,199,21,0,00-06
BLK-2026-00517,142,17,120,17,0,00-06
BLK-2026-00518,2661,14,3101,0,0,12-18
BLK-2025-00521,1273,17,1498,0,0,00-06
BLK-2025-00526,13229,53,15376,0,0,00-06
BLK-2025-00527,6,1,3,1,0,00-06
BLK-2026-00528,66,7,57,7,0,00-06
BLK-2025-00529,109,5,137,0,0,00-06
BLK-2026-00530,2122,15,2271,0,0,00-06
BLK-2025-00532,11,2,17,2,0,00-06
BLK-2026-00534,23,3,32,3,0,12-18
BLK-2026-00536,6,1,6,1,0,00-06
BLK-2026-00539,0,0,0,0,0,00-06
BLK-2025-00540,103,3,112,0,0,00-06
BLK-2025-00541,10783,48,12597,0,0,00-06
BLK-2025-00542,452,10,563,0,0,00-06
BLK-2026-00543,48,2,48,0,0,00-06
BLK-2025-00544,17,3,9,3,0,00-06
BLK-2026-00545,234,6,269,0,0,00-06
BLK-2025-00547,6,1,6,1,0,00-06
BLK-2026-00548,22,4,29,4,0,18-24
BLK-2025-00549,125,17,115,17,0,00-06
BLK-2026-00550,158,2,173,0,0,00-06
BLK-2025-00551,8342,31,9138,1,0,00-06
BLK-2025-00552,116,14,115,14,0,00-06
BLK-2025-00555,0,0,0,0,0,00-06
BLK-2025-00556,965,14,1131,0,0,00-06
BLK-2025-00559,36,4,38,4,0,00-06
BLK-2026-00560,34,5,35,5,0,00-06
BLK-2026-00561,23,3,19,3,0,00-06
BLK-2026-00562,0,0,0,0,0,00-06
BLK-2026-00563,11,2,15,2,0,00-06
BLK-2025-00564,169,21,184,21,0,12-18
BLK-2026-00565,323,5,415,0,0,06-12
BLK-2026-00566,36,4,36,4,0,00-06
BLK-2025-00568,101,14,75,14,0,00-06
BLK-2026-00570,17,3,15,3,0,00-06
BLK-2026-00573,144,4,156,0,0,00-06
BLK-2025-00574,0,0,0,0,0,00-06
BLK-2026-00575,0,0,0,0,0,00-06
BLK-2026-00578,31,4,45,4,0,00-06
BLK-2025-00579,855,8,966,0,0,00-06
BLK-2026-00580,194,24,181,24,0,00-06
BLK-2026-00581,97269,144,112640,0,0,00-06
BLK-2025-00582,79,3,91,0,0,00-06
BLK-2026-00586,6,1,5,1,0,00-06
BLK-2026-00588,77,9,109,9,0,00-06
BLK-2026-00594,171,22,245,22,0,06-12
BLK-2026-00596,12,1,13,0,0,00-06
BLK-2026-00597,1299,17,1511,0,0,00-06
BLK-2025-00598,66,7,75,7,0,00-06
BLK-2025-00600,0,0,0,0,0,18-24
BLK-2025-00602,515,11,599,0,0,00-06
BLK-2025-00603,0,0,0,0,0,00-06
BLK-2025-00604,2383,17,2765,1,0,12-18
BLK-2026-00605,615,11,697,0,0,00-06
BLK-2026-00607,69,4,83,0,0,00-06
BLK-2026-00608,2611,18,2989,1,0,00-06
BLK-2026-00609,0,0,0,0,0,00-06
BLK-2026-00612,15116,57,17520,0,0,00-06
BLK-2026-00613,3413,9,3826,0,0,12-18
BLK-2026-00614,87,10,110,10,0,00-06
BLK-2026-00616,26,3,18,3,0,00-06
BLK-2025-00618,0,0,0,0,0,00-06
BLK-2026-00620,1033,5,1131,0,0,00-06
BLK-2026-00621,34,5,48,5,0,00-06
BLK-2025-00622,6,1,6,1,0,18-24
BLK-2025-00625,6,1,5,1,0,00-06
BLK-2025-00626,11999,30,12799,0,0,00-06
BLK-2026-00627,34,5,29,5,0,00-06
BLK-2025-00630,187,5,196,1,0,00-06
BLK-2026-00631,54,8,82,8,0,18-24
BLK-2026-00633,3061,18,3319,0,0,00-06
BLK-2026-00634,6,1,5,1,0,00-06
BLK-2025-00637,0,0,0,0,0,00-06
BLK-2026-00639,17,3,16,3,0,00-06
BLK-2025-00640,77,9,103,9,0,00-06
BLK-2026-00641,0,0,0,0,0,00-06
BLK-2026-00642,23,3,27,3,0,00-06
BLK-2026-00644,0,0,0,0,0,00-06
BLK-2025-00645,8504,41,9384,0,0,00-06
BLK-2026-00646,2248,13,2557,0,0,12-18
BLK-2026-00648,0,0,0,0,0,00-06
BLK-2026-00649,11,2,17,2,0,18-24
BLK-2026-00651,116,14,114,14,0,00-06
BLK-2026-00652,4094,22,4517,1,0,00-06
BLK-2026-00653,3680,17,3781,0,0,00-06
BLK-2026-00654,0,0,0,0,0,00-06
BLK-2026-00655,0,0,0,0,0,00-06
BLK-2025-00656,50,2,54,0,0,00-06
BLK-2026-00657,250,2,275,0,0,12-18
BLK-2026-00658,23,3,29,3,0,06-12
BLK-2026-00659,940,8,983,0,0,00-06
BLK-2026-00660,110,13,89,13,0,00-06
BLK-2026-00663,38,5,34,5,0,00-06
BLK-2026-00665,8787,43,9918,0,0,00-06
BLK-2025-00667,1223,16,1493,0,0,00-06
BLK-2025-00668,82,10,96,10,0,00-06
BLK-2026-00672,1,1,1,0,0,00-06
BLK-2026-00674,58,8,43,8,0,00-06
BLK-2026-00675,17,3,11,3,0,00-06
BLK-2026-00676,107,14,107,14,0,00-06
BLK-2026-00677,218,5,253,0,0,00-06
BLK-2026-00678,23,3,27,3,0,00-06
BLK-2026-00679,118,16,124,16,0,00-06
BLK-2026-00680,5365,33,5977,0,0,00-06
BLK-2026-00682,11,2,12,2,0,00-06
BLK-2026-00683,15116,57,17628,0,0,00-06
BLK-2025-00688,0,0,0,0,0,00-06
BLK-2026-00689,6,1,8,1,0,00-06
BLK-2026-00690,11,2,18,2,0,00-06
BLK-2026-00692,0,0,0,0,0,00-06
BLK-2025-00695,11,2,9,2,0,00-06
BLK-2026-00696,834,8,876,0,0,00-06
BLK-2026-00697,83,12,94,12,0,00-06
BLK-2026-00698,1273,17,1437,0,0,00-06
BLK-2026-00699,1998,21,2312,0,0,00-06
BLK-2026-00702,64,8,60,8,0,12-18
BLK-2026-00703,11237,49,13285,0,0,00-06
BLK-2026-00704,11,2,17,2,0,00-06
BLK-2026-00705,162,21,213,21,0,06-12
BLK-2026-00706,1053,15,1218,0,0,00-06
BLK-2025-00708,1058,5,1144,0,0,00-06
BLK-2026-00709,82,10,66,10,0,00-06
BLK-2026-00710,0,0,0,0,0,00-06
BLK-2026-00711,2947,24,3349,0,0,00-06
BLK-2026-00712,8787,43,10229,0,0,00-06
BLK-2026-00714,200,25,266,25,0,00-06
BLK-2026-00715,26,4,31,4,0,00-06
BLK-2026-00716,40,6,50,6,0,00-06
BLK-2026-00717,14654,54,16671,0,0,00-06
BLK-2025-00718,0,0,0,0,0,00-06
BLK-2025-00719,31,4,32,4,0,00-06
BLK-2026-00720,4792,32,5779,0,0,00-06
BLK-2026-00721,0,0,0,0,0,00-06
BLK-2026-00722,53,7,47,7,0,18-24
BLK-2026-00724,71,2,77,0,0,00-06
BLK-2026-00725,0,0,0,0,0,00-06
BLK-2026-00728,28,1,29,0,0,00-06
BLK-2025-00730,34,5,47,5,0,00-06
BLK-2026-00731,34,5,41,5,0,00-06
BLK-2025-00732,119,14,157,14,0,00-06
BLK-2026-00733,5405,25,5805,1,0,00-06
BLK-2026-00734,940,8,1028,0,0,00-06
BLK-2025-00736,0,0,0,0,0,00-06
BLK-2025-00739,7363,40,9784,0,0,06-12
BLK-2026-00740,4165,30,4954,0,0,00-06
BLK-2026-00741,142,2,151,0,0,00-06
BLK-2025-00744,52,7,41,7,0,00-06
BLK-2026-00745,11097,35,12520,1,0,00-06
BLK-2025-00746,13875,39,15158,1,0,00-06
BLK-2026-00747,0,0,0,0,0,00-06
BLK-2026-00752,6,1,6,1,0,00-06
BLK-2025-00753,0,0,0,0,0,00-06
BLK-2026-00754,1510,11,1690,0,0,00-06
BLK-2026-00755,0,0,0,0,0,00-06
BLK-2026-00756,11,2,18,2,0,00-06
BLK-2026-00759,53,6,52,6,0,00-06
BLK-2026-00761,29,4,36,4,0,12-18
BLK-2026-00765,6,1,5,1,0,00-06
BLK-2026-00768,0,0,0,0,0,00-06
BLK-2026-00769,6534,36,7595,0,0,00-06
BLK-2025-00770,77,9,100,9,0,00-06
BLK-2025-00772,180,22,133,22,0,00-06
BLK-2026-00774,764,10,876,0,0,00-06
BLK-2026-00775,5035,24,6496,1,0,06-12
BLK-2025-00776,2929,18,3355,1,0,00-06
BLK-2026-00777,5627,21,5776,0,0,00-06
BLK-2026-00779,11,2,15,2,0,00-06
BLK-2025-00781,0,0,0,0,0,00-06
BLK-2025-00782,0,0,0,0,0,00-06
BLK-2026-00783,2019,7,2197,0,0,12-18
BLK-2026-00784,0,0,0,0,0,00-06
BLK-2026-00788,66,7,58,7,0,00-06
BLK-2026-00791,0,0,0,0,0,00-06
BLK-2026-00792,0,0,0,0,0,00-06
BLK-2026-00793,6,1,4,1,0,00-06
BLK-2025-00794,0,0,0,0,0,00-06
BLK-2026-00795,208,27,277,27,0,00-06
BLK-2026-00796,77,9,67,9,0,00-06
BLK-2025-00797,17,3,11,3,0,00-06
BLK-2025-00798,189,23,152,23,0,00-06
BLK-2025-00799,10633,48,12913,0,0,00-06
BLK-2026-00800,22,4,22,4,0,00-06
BLK-2026-00803,0,0,0,0,0,00-06
BLK-2026-00805,549,9,608,1,0,00-06
BLK-2025-00806,0,0,0,0,0,18-24
BLK-2026-00807,185,4,198,0,0,00-06
BLK-2026-00808,78,10,71,10,0,00-06
BLK-2026-00810,11,2,8,2,0,00-06
BLK-2026-00811,134,16,152,16,0,00-06
BLK-2025-00812,431,4,465,0,0,00-06
BLK-2025-00813,29,4,23,4,0,00-06
BLK-2026-00814,6,1,7,1,0,00-06
BLK-2026-00815,22849,68,25138,0,0,00-06
BLK-2025-00816,11,2,13,2,0,00-06
BLK-2025-00817,50,6,49,6,0,00-06
BLK-2026-00818,18,2,20,2,0,00-06
BLK-2025-00820,49,7,66,7,0,00-06
BLK-2026-00821,6,1,8,1,0,00-06
BLK-2026-00822,52,7,65,7,0,00-06
BLK-2025-00823,23,3,33,3,0,00-06
BLK-2026-00824,66,7,93,7,0,00-06
BLK-2026-00825,0,0,0,0,0,00-06
BLK-2025-00826,0,0,0,0,0,00-06
BLK-2026-00827,11,2,11,2,0,00-06
BLK-2025-00828,0,0,0,0,0,00-06
BLK-2026-00830,11,2,8,2,0,00-06
BLK-2026-00831,29,4,32,4,0,00-06
BLK-2026-00832,22,4,18,4,0,00-06
BLK-2026-00833,211,1,250,0,0,00-06
BLK-2026-00835,23,3,19,3,0,00-06
BLK-2026-00840,34,5,34,5,0,00-06
BLK-2025-00841,11,2,11,2,0,00-06
BLK-2026-00842,23,3,28,3,0,18-24
BLK-2025-00845,17,3,23,3,0,00-06
BLK-2026-00846,0,0,0,0,0,00-06
BLK-2025-00847,66,1,70,0,0,00-06
BLK-2026-00848,0,0,0,0,0,00-06
BLK-2025-00849,23,3,30,3,0,00-06
BLK-2026-00851,62,4,86,0,0,00-06
BLK-2026-00852,11,2,7,2,0,00-06
BLK-2026-00853,6,1,4,1,0,00-06
BLK-2026-00854,210,25,312,25,0,00-06
BLK-2025-00856,6,1,9,1,0,00-06
BLK-2026-00858,71,8,94,8,0,00-06
BLK-2026-00859,180,22,249,22,0,00-06
BLK-2026-00860,109,1,120,0,0,00-06
BLK-2026-00861,70,9,61,9,0,06-12
BLK-2025-00862,40,6,47,6,0,00-06
BLK-2025-00863,70,9,55,9,0,00-06
BLK-2025-00864,262,33,210,33,0,00-06
BLK-2025-00866,15653,58,18261,0,0,00-06
BLK-2026-00867,241,30,235,30,0,00-06
BLK-2026-00868,1719,19,2147,0,0,00-06
BLK-2025-00869,110,15,110,15,0,00-06
BLK-2026-00870,64,8,53,8,0,00-06
BLK-2026-00871,955,4,983,0,0,00-06
BLK-2026-00872,11,2,8,2,0,00-06
BLK-2026-00873,17035,60,20023,0,0,00-06
BLK-2026-00875,17,3,14,3,0,12-18
BLK-2026-00876,0,0,0,0,0,00-06
BLK-2026-00877,6,1,9,1,0,06-12
BLK-2026-00878,38,5,35,5,0,00-06
BLK-2026-00879,5572,21,5967,0,0,00-06
BLK-2026-00880,6,1,5,1,0,00-06
BLK-2026-00882,78,11,91,11,0,00-06
BLK-2026-00883,93,11,72,11,0,00-06
BLK-2026-00884,0,0,0,0,0,00-06
BLK-2026-00885,23,3,19,3,0,00-06
BLK-2025-00887,0,0,0,0,0,00-06
BLK-2025-00888,72,10,104,10,0,00-06
BLK-2026-00889,46,6,41,6,0,12-18
BLK-2026-00890,674,12,797,0,0,00-06
BLK-2025-00891,0,0,0,0,0,00-06
BLK-2025-00892,0,0,0,0,0,00-06
BLK-2026-00893,365,6,411,0,0,00-06
BLK-2026-00894,303,2,318,0,0,00-06
BLK-2026-00898,12,1,12,0,0,00-06
BLK-2026-00899,16,1,20,0,0,00-06
BLK-2025-00900,1816,20,2174,0,0,00-06
BLK-2026-00901,61,8,84,8,0,00-06
BLK-2026-00903,11,2,16,2,0,00-06
BLK-2026-00905,2850,18,3228,1,0,12-18
BLK-2026-00906,77,9,107,9,0,00-06
BLK-2026-00908,834,9,918,0,0,00-06
BLK-2026-00909,40,6,61,6,0,00-06
BLK-2026-00910,1812,6,2142,0,1,12-18
BLK-2026-00912,0,0,0,0,0,00-06
BLK-2026-00913,0,0,0,0,0,00-06
BLK-2026-00915,115,3,126,0,0,00-06
BLK-2025-00916,4290,10,4654,0,0,00-06
BLK-2026-00917,34,5,49,5,0,00-06
BLK-2025-00918,15,1,14,0,0,00-06
BLK-2026-00919,40,6,42,6,0,00-06
BLK-2026-00920,41,2,42,0,0,00-06
BLK-2025-00921,3969,22,4898,2,0,18-24
BLK-2026-00923,55,7,57,7,0,00-06
BLK-2025-00925,9734,32,10811,0,0,00-06
BLK-2026-00928,253,6,271,0,0,00-06
BLK-2026-00929,23,3,19,3,0,00-06
BLK-2026-00931,969,12,1131,0,0,00-06
BLK-2026-00932,11,2,12,2,0,00-06
BLK-2025-00933,11,2,16,2,0,00-06
BLK-2026-00937,6,1,7,1,0,00-06
BLK-2026-00938,0,0,0,0,0,00-06
BLK-2026-00942,4302,29,5156,0,0,00-06
BLK-2025-00943,0,0,0,0,0,00-06
BLK-2026-00944,4690,19,5343,0,0,00-06
BLK-2026-00945,17,3,20,3,0,00-06
BLK-2026-00946,38,5,39,5,0,06-12
BLK-2026-00950,22,4,23,4,0,00-06
BLK-2026-00951,0,0,0,0,0,00-06
BLK-2026-00952,275,8,298,0,0,00-06
BLK-2026-00953,131,16,128,16,0,00-06
BLK-2026-00954,6,1,8,1,0,00-06
BLK-2025-00955,16199,59,19256,0,0,00-06
BLK-2026-00956,1198,16,1429,0,0,00-06
BLK-2026-00959,40,6,32,6,0,00-06
BLK-2026-00960,40,6,36,6,0,00-06
BLK-2026-00962,0,0,0,0,0,00-06
BLK-2026-00965,4692,32,6431,0,0,06-12
BLK-2025-00966,406,3,441,0,0,00-06
BLK-2025-00969,1260,5,1311,0,0,00-06
BLK-2026-00970,77,9,97,9,0,00-06
BLK-2025-00971,6,1,7,1,0,00-06
BLK-2025-00972,1273,17,1494,0,0,00-06
BLK-2026-00973,0,0,0,0,0,00-06
BLK-2026-00974,0,0,0,0,0,00-06
BLK-2026-00975,107,14,90,14,0,00-06
BLK-2026-00976,11,2,14,2,0,00-06
BLK-2026-00977,148,18,129,18,0,00-06
BLK-2025-00978,6,1,4,1,0,00-06
BLK-2026-00981,0,0,0,0,0,00-06
BLK-2026-00982,17,3,10,3,0,00-06
BLK-2026-00983,11,2,9,2,0,00-06
BLK-2026-00984,34,5,37,5,0,00-06
BLK-2026-00985,6,1,6,1,0,00-06
BLK-2026-00989,29,4,23,4,0,12-18
BLK-2026-00991,2458,14,2619,0,0,00-06
BLK-2026-00992,11466,50,13403,0,0,00-06
BLK-2026-00993,11,2,12,2,0,00-06
BLK-2026-00994,4306,30,5183,0,0,00-06
BLK-2026-00995,0,0,0,0,0,00-06
BLK-2026-00997,2371,16,2987,0,0,06-12
BLK-2026-00998,3380,20,3738,1,0,00-06
BLK-2026-00999,70,9,89,9,0,00-06
BLK-2026-01000,18,2,21,2,0,00-06
BLK-2026-01001,29,4,42,4,0,00-06
BLK-2026-01002,50,6,38,6,0,00-06
BLK-2025-01004,0,0,0,0,0,00-06
BLK-2025-01005,138,18,105,18,0,00-06
BLK-2026-01006,0,0,0,0,0,00-06
BLK-2025-01007,150,19,150,19,0,00-06
BLK-2026-01008,55,7,70,7,0,06-12
BLK-2026-01009,46,7,67,7,0,00-06
BLK-2026-01010,29,4,38,4,0,00-06
BLK-2026-01011,16006,57,18180,0,0,00-06
BLK-2025-01013,8753,31,9236,0,0,00-06
BLK-2026-01015,6,1,9,1,0,00-06
BLK-2026-01018,11,2,8,2,0,00-06
BLK-2026-01022,18,2,22,2,0,00-06
BLK-2025-01023,11,2,9,2,0,00-06
BLK-2025-01024,58,7,63,7,0,00-06
BLK-2026-01025,320,8,377,0,0,00-06
BLK-2026-01026,7929,30,8893,1,0,00-06
BLK-2025-01027,582,7,605,0,0,00-06
BLK-2025-01028,186,23,244,23,0,00-06
BLK-2026-01029,22,4,26,4,0,00-06
BLK-2026-01030,77,9,106,9,0,00-06
BLK-2025-01036,66,2,72,0,0,00-06
BLK-2026-01039,11,2,8,2,0,00-06
BLK-2026-01040,11,2,12,2,0,00-06
BLK-2025-01041,17,3,23,3,0,00-06
BLK-2025-01043,73,9,76,9,0,00-06
BLK-2025-01044,0,0,0,0,0,00-06
BLK-2026-01045,29,4,29,4,0,00-06
BLK-2026-01048,28049,75,33165,0,0,00-06
BLK-2025-01049,1471,17,1678,0,0,00-06
BLK-2026-01050,0,0,0,0,0,00-06
BLK-2025-01051,11,2,6,2,0,00-06
BLK-2026-01052,389,49,377,49,0,00-06
BLK-2026-01053,0,0,0,0,0,00-06
BLK-2026-01054,116,14,79,14,0,00-06
BLK-2025-01055,49,7,48,7,0,00-06
BLK-2026-01056,7016,28,7880,1,0,00-06
BLK-2025-01058,174,22,233,22,0,12-18
BLK-2026-01059,40,6,36,6,0,00-06
BLK-2026-01060,40,6,42,6,0,00-06
BLK-2026-01061,11,2,18,2,0,00-06
BLK-2026-01062,29,4,25,4,0,00-06
BLK-2025-01063,40,6,27,6,0,00-06
BLK-2025-01064,0,0,0,0,0,18-24
BLK-2026-01065,6817,38,8148,0,0,00-06
BLK-2025-01066,78,9,70,9,0,00-06
BLK-2025-01067,917,11,1040,1,0,00-06
BLK-2026-01069,46,7,32,7,0,00-06
BLK-2026-01070,0,0,0,0,0,00-06
BLK-2026-01071,17,3,10,3,0,00-06
BLK-2026-01072,218,5,251,0,0,00-06
BLK-2025-01073,189,23,250,23,0,00-06
BLK-2025-01074,215,6,228,1,0,00-06
BLK-2025-01076,0,0,0,0,0,00-06
BLK-2026-01079,7057,39,8425,0,0,00-06
BLK-2026-01082,247,31,276,31,0,00-06
BLK-2026-01084,827,10,1006,0,0,00-06
BLK-2025-01086,94,12,92,12,0,00-06
BLK-2026-01087,0,0,0,0,0,00-06
BLK-2026-01090,11,2,17,2,0,00-06
BLK-2026-01092,16283,42,17364,1,0,00-06
BLK-2026-01094,1152,9,1198,0,0,00-06
BLK-2026-01095,0,0,0,0,0,00-06
BLK-2026-01096,29,4,37,4,0,00-06
BLK-2025-01097,84,11,87,11,0,00-06
BLK-2025-01098,17,3,16,3,0,00-06
BLK-2025-01099,0,0,0,0,0,00-06
BLK-2026-01100,46,6,65,6,0,06-12
BLK-2025-01101,0,0,0,0,0,00-06
BLK-2026-01103,31982,83,36377,0,0,00-06
BLK-2025-01104,4049,9,4619,0,1,12-18
BLK-2025-01105,51,8,72,8,0,00-06
BLK-2026-01106,2421,16,2799,0,0,00-06
BLK-2026-01107,2979,19,3194,1,0,00-06
BLK-2025-01108,58,8,49,8,0,00-06
BLK-2026-01109,658,4,718,0,0,00-06
BLK-2025-01110,0,0,0,0,0,00-06
BLK-2026-01111,1944,14,2086,0,0,00-06
BLK-2026-01113,3182,8,3244,0,0,00-06
BLK-2025-01115,290,5,337,0,0,00-06
BLK-2026-01116,11,2,14,2,0,18-24
BLK-2026-01117,3083,26,3559,0,0,00-06
BLK-2026-01118,117,15,154,15,0,00-06
BLK-2026-01121,5186,31,5808,0,0,00-06
BLK-2026-01125,0,0,0,0,0,00-06
BLK-2026-01127,8855,44,10008,0,0,00-06
BLK-2026-01130,7240,39,8315,0,0,00-06
BLK-2026-01132,143,3,152,0,0,00-06
BLK-2025-01133,29,4,19,4,0,00-06
BLK-2026-01134,87,10,63,10,0,00-06
BLK-2026-01135,0,0,0,0,0,00-06
BLK-2026-01138,1026,5,1118,0,0,00-06
BLK-2026-01140,148,18,208,18,0,00-06
BLK-2025-01142,0,0,0,0,0,00-06
BLK-2025-01143,18,2,23,2,0,06-12
BLK-2026-01144,200,5,214,0,0,00-06
BLK-2026-01145,17,1,18,0,0,00-06
BLK-2025-01148,0,0,0,0,0,00-06
BLK-2025-01151,49,7,74,7,0,00-06
BLK-2026-01155,887,8,995,0,0,00-06
BLK-2026-01157,64,8,72,8,0,00-06
BLK-2026-01159,29,4,43,4,0,00-06
BLK-2026-01163,77,9,73,9,0,00-06
BLK-2025-01165,17,3,20,3,0,00-06
BLK-2026-01166,12736,52,15314,0,0,00-06
BLK-2026-01167,23,3,18,3,0,12-18
BLK-2026-01168,29,4,31,4,0,00-06
BLK-2026-01169,4467,18,4579,0,0,00-06
BLK-2025-01170,11,2,10,2,0,00-06
BLK-2025-01171,95,13,85,13,0,18-24
BLK-2026-01174,0,0,0,0,0,00-06
BLK-2026-01176,40,6,61,6,0,00-06
BLK-2026-01177,2623,8,2873,0,2,12-18
BLK-2026-01180,3468,19,3672,0,0,00-06
BLK-2026-01181,8406,40,10078,0,0,00-06
BLK-2025-01182,139,17,133,17,0,00-06
BLK-2026-01184,240,31,323,31,0,00-06
BLK-2026-01185,29,4,43,4,0,00-06
BLK-2026-01189,23,3,26,3,0,00-06
BLK-2026-01190,40,6,41,6,0,00-06
BLK-2025-01192,5865,33,6938,0,0,00-06
BLK-2026-01193,6,1,5,1,0,00-06
BLK-2026-01194,1492,14,1554,1,0,00-06
BLK-2025-01195,1100,15,1374,0,0,00-06
BLK-2026-01196,22,4,23,4,0,00-06
BLK-2026-01197,6,1,4,1,0,00-06
BLK-2026-01198,58,7,62,7,0,00-06
BLK-2026-01199,11778,50,13863,0,0,00-06
BLK-2026-01201,0,0,0,0,0,00-06
BLK-2026-01202,189,23,217,23,0,00-06
BLK-2025-01205,13478,54,15941,0,0,00-06
BLK-2026-01206,0,0,0,0,0,00-06
BLK-2026-01207,20799,67,24547,0,0,00-06
BLK-2026-01208,29,4,36,4,0,00-06
BLK-2026-01209,46,7,46,7,0,00-06
BLK-2026-01210,16383,59,19392,0,0,00-06
BLK-2026-01213,29,4,42,4,0,00-06
BLK-2026-01214,6,1,7,1,0,00-06
BLK-2026-01216,73,8,58,8,0,00-06
BLK-2026-01217,0,0,0,0,0,00-06
BLK-2026-01218,5304,34,6077,0,0,00-06
BLK-2026-01220,3412,27,4084,0,0,00-06
BLK-2026-01224,1901,12,1999,0,0,00-06
BLK-2025-01226,7350,24,7920,0,0,00-06
BLK-2025-01227,11,2,18,2,0,00-06
BLK-2025-01228,0,0,0,0,0,00-06
BLK-2025-01229,6,1,9,1,0,00-06
BLK-2026-01230,34,5,33,5,0,00-06
BLK-2025-01231,771,13,906,0,0,00-06
BLK-2025-01232,0,0,0,0,0,00-06
BLK-2025-01233,1719,19,1964,0,0,00-06
BLK-2026-01234,107,14,109,14,0,06-12
BLK-2026-01235,23150,70,27898,0,0,00-06
BLK-2025-01236,77,9,69,9,0,00-06
BLK-2025-01238,5326,31,6386,0,0,00-06
BLK-2026-01239,20,3,28,3,0,00-06
BLK-2026-01240,179,23,145,23,0,00-06
BLK-2026-01241,46,7,42,7,0,00-06
BLK-2026-01242,2375,21,2830,0,0,00-06
BLK-2026-01245,964,11,1065,1,0,00-06
BLK-2026-01248,0,0,0,0,0,00-06
BLK-2025-01249,2753,24,3673,0,0,06-12
BLK-2026-01252,0,0,0,0,0,00-06
BLK-2026-01253,664,8,698,0,0,00-06
BLK-2025-01254,66,9,68,9,0,00-06
BLK-2026-01255,34,5,39,5,0,00-06
BLK-2026-01256,94,5,105,0,0,00-06
BLK-2026-01257,0,0,0,0,0,00-06
BLK-2026-01259,462,9,561,0,0,00-06
BLK-2026-01260,0,0,0,0,0,00-06
BLK-2026-01261,0,1,0,0,0,00-06
BLK-2026-01262,4497,31,5174,0,0,00-06
BLK-2026-01263,0,0,0,0,0,00-06
BLK-2026-01264,16726,57,19526,0,0,00-06
BLK-2025-01265,8,1,11,0,0,00-06
BLK-2026-01267,178,6,191,0,0,00-06
BLK-2026-01268,86,12,85,12,0,00-06
BLK-2026-01270,11,2,17,2,0,00-06
BLK-2026-01271,5012,24,5412,1,0,00-06
BLK-2026-01272,8,1,7,0,0,00-06
BLK-2026-01273,0,0,0,0,0,00-06
BLK-2026-01274,0,0,0,0,0,00-06
BLK-2026-01278,29,4,41,4,0,00-06
BLK-2026-01279,0,0,0,0,0,00-06
BLK-2026-01280,77,9,114,9,0,00-06
BLK-2026-01281,11,2,18,2,0,00-06
BLK-2026-01282,1670,11,1938,0,0,12-18
BLK-2026-01284,148,18,162,18,0,00-06
BLK-2026-01287,2621,24,3025,0,0,00-06
BLK-2026-01288,116,14,139,14,0,00-06
BLK-2026-01289,2094,13,2315,0,0,00-06
BLK-2025-01290,218,7,261,0,0,00-06
BLK-2026-01292,1432,18,1673,0,0,00-06
BLK-2026-01293,11,2,8,2,0,00-06
BLK-2026-01294,119,14,169,14,0,00-06
BLK-2026-01295,34,5,52,5,0,06-12
BLK-2026-01297,17,3,23,3,0,00-06
BLK-2025-01298,2223,15,2929,0,0,06-12
BLK-2026-01299,72,10,77,10,0,00-06
BLK-2026-01300,6,1,4,1,0,12-18
BLK-2025-01302,6,1,8,1,0,00-06
BLK-2026-01303,0,0,0,0,0,00-06
BLK-2026-01307,0,0,0,0,0,00-06
BLK-2026-01308,580,3,628,0,0,00-06
BLK-2026-01309,26,2,31,0,0,00-06
BLK-2026-01310,445,3,489,0,0,00-06
BLK-2025-01311,15,1,13,0,0,00-06
BLK-2026-01312,17,3,12,3,0,00-06
BLK-2025-01313,7840,39,9139,0,0,00-06
BLK-2026-01315,40,6,32,6,0,00-06
BLK-2026-01317,0,0,0,0,0,00-06
BLK-2026-01318,17,3,29,3,0,18-24
BLK-2026-01321,46,7,45,7,0,00-06
BLK-2026-01322,18,2,21,2,0,00-06
BLK-2026-01323,34,5,35,5,0,00-06
BLK-2026-01325,0,0,0,0,0,00-06
BLK-2026-01326,0,0,0,0,0,00-06
BLK-2026-01327,11,2,9,2,0,00-06
BLK-2025-01329,10046,46,11946,0,0,00-06
BLK-2026-01330,18,2,14,2,0,00-06
BLK-2025-01331,0,0,0,0,0,00-06
BLK-2025-01332,17,3,13,3,0,00-06
BLK-2026-01337,18,2,27,2,0,06-12
BLK-2026-01338,29,4,40,4,0,00-06
BLK-2025-01339,142,2,147,0,0,00-06
BLK-2026-01340,3117,18,4043,0,0,06-12
BLK-2025-01342,3669,28,4373,0,0,00-06
BLK-2026-01344,1276,12,1359,0,0,00-06
BLK-2026-01345,174,22,157,22,0,00-06
BLK-2026-01346,6,1,4,1,0,00-06
BLK-2026-01347,42,6,48,6,0,18-24
BLK-2026-01348,116,14,81,14,0,00-06
BLK-2026-01350,46,7,37,7,0,00-06
BLK-2026-01352,23,3,25,3,0,00-06
BLK-2026-01353,0,0,0,0,0,00-06
BLK-2026-01355,112,4,129,0,0,00-06
BLK-2026-01357,17,3,10,3,0,00-06
BLK-2026-01359,895,12,1015,0,0,00-06
BLK-2025-01360,0,0,0,0,0,00-06
BLK-2025-01362,2403,7,2615,0,1,12-18
BLK-2026-01363,324,8,364,0,0,00-06
BLK-2026-01366,0,0,0,0,0,00-06
BLK-2025-01367,20,3,29,3,0,00-06
BLK-2026-01368,11150,36,12429,1,0,00-06
BLK-2026-01370,42,6,55,6,0,00-06
BLK-2026-01371,16523,43,18800,1,0,00-06
BLK-2026-01372,1439,10,1605,0,0,00-06
BLK-2026-01374,130,4,154,0,0,00-06
BLK-2026-01375,31,2,40,0,0,00-06
BLK-2026-01377,0,0,0,0,0,00-06
BLK-2025-01380,284,5,290,0,0,00-06
BLK-2025-01383,0,0,0,0,0,00-06
BLK-2026-01385,34,5,41,5,0,00-06
BLK-2025-01386,94,5,106,0,0,00-06
BLK-2025-01387,38,5,26,5,0,00-06
BLK-2026-01388,0,0,0,0,0,00-06
BLK-2026-01389,211,4,246,0,0,00-06
BLK-2026-01390,0,0,0,0,0,00-06
BLK-2026-01391,157,19,163,19,0,00-06
BLK-2025-01392,0,0,0,0,0,00-06
BLK-2026-01393,792,8,904,0,0,00-06
BLK-2026-01394,84,2,85,0,0,00-06
BLK-2026-01395,12173,51,14241,0,0,00-06
BLK-2025-01397,66,2,80,0,0,00-06
BLK-2025-01399,165,2,190,0,0,12-18
BLK-2025-01400,73,9,60,9,0,00-06
BLK-2026-01402,6876,38,8016,0,0,00-06
BLK-2026-01404,2090,17,2779,0,0,18-24
BLK-2026-01405,12173,51,14798,0,0,00-06
BLK-2026-01406,1684,11,1868,0,0,12-18
BLK-2026-01407,3957,27,4653,0,0,00-06
BLK-2025-01409,17,3,25,3,0,00-06
BLK-2026-01410,40,6,29,6,0,00-06
BLK-2026-01411,772,9,861,0,0,00-06
BLK-2025-01413,2658,24,2936,0,0,00-06
BLK-2026-01415,85082,135,98520,0,0,00-06
BLK-2026-01416,0,0,0,0,0,00-06
BLK-2026-01417,0,0,0,0,0,00-06
BLK-2025-01418,0,0,0,0,0,00-06
BLK-2026-01420,4173,29,4693,0,0,00-06
BLK-2026-01422,1399,10,1530,0,0,00-06
BLK-2026-01423,29,4,41,4,0,00-06
BLK-2026-01425,1093,12,1295,1,0,12-18
BLK-2025-01426,14,1,18,0,0,00-06
BLK-2026-01427,26,3,28,3,0,00-06
BLK-2025-01430,6,1,7,1,0,00-06
BLK-2026-01431,11,1,10,0,0,12-18
BLK-2026-01432,23,3,32,3,0,00-06
BLK-2025-01434,0,0,0,0,0,00-06
BLK-2025-01435,0,0,0,0,0,00-06
BLK-2026-01436,218,27,200,27,0,12-18
BLK-2026-01437,11,2,15,2,0,00-06
BLK-2026-01440,139,18,211,18,0,06-12
BLK-2026-01441,539,6,690,0,0,06-12
BLK-2026-01444,26,3,34,3,0,00-06
BLK-2025-01448,11,2,17,2,0,00-06
BLK-2026-01449,0,0,0,0,0,00-06
BLK-2025-01450,143,5,151,1,0,00-06
BLK-2026-01453,55,7,54,7,0,12-18
BLK-2026-01454,77,9,75,9,0,00-06
BLK-2026-01455,75,3,98,0,0,00-06
BLK-2026-01456,105,12,137,12,0,00-06
BLK-2025-01457,11994,50,14439,0,0,00-06
BLK-2026-01458,874,14,1065,0,0,12-18
BLK-2026-01459,201,26,215,26,0,00-06
BLK-2025-01461,93,12,133,12,0,00-06
BLK-2026-01462,11,2,10,2,0,00-06
BLK-2026-01463,187,6,219,0,0,00-06
BLK-2026-01464,40,6,44,6,0,00-06
BLK-2026-01467,1259,16,1726,0,0,06-12
BLK-2026-01470,0,0,0,0,0,00-06
BLK-2026-01471,1890,15,1986,1,0,00-06
BLK-2026-01474,31,4,39,4,0,00-06
BLK-2026-01476,54,7,60,7,0,06-12
BLK-2026-01477,1026,5,1066,0,0,00-06
BLK-2026-01479,3758,21,3933,1,0,00-06
BLK-2026-01480,194,24,231,24,0,00-06
BLK-2026-01481,34,5,51,5,0,00-06
BLK-2026-01482,236,2,254,0,0,12-18
BLK-2026-01483,43,6,48,6,0,00-06
BLK-2026-01484,4026,29,4694,0,0,00-06
BLK-2025-01486,82,10,70,10,0,00-06
BLK-2025-01487,29,4,34,4,0,00-06
BLK-2026-01488,154,20,147,20,0,06-12
BLK-2026-01490,72,10,56,10,0,00-06
BLK-2026-01492,2596,8,3003,0,1,12-18
BLK-2025-01495,924,4,1022,0,0,00-06
BLK-2026-01496,17319,61,20236,0,0,00-06
BLK-2026-01498,444,6,546,0,0,06-12
BLK-2026-01499,82,10,65,10,0,00-06
BLK-2026-01500,6,1,4,1,0,00-06
BLK-2025-01501,0,0,0,0,0,00-06
BLK-2026-01502,1496,11,1695,0,0,00-06
BLK-2026-01503,304,5,324,0,0,00-06
BLK-2026-01504,11,2,17,2,0,00-06
BLK-2026-01505,17990,62,20346,0,0,00-06
BLK-2026-01506,29,4,31,4,0,00-06
BLK-2026-01507,22,4,30,4,0,00-06
BLK-2026-01508,46,7,71,7,0,00-06
BLK-2026-01510,8519,43,9676,0,0,00-06
BLK-2026-01511,393,4,419,0,0,00-06
BLK-2026-01512,116,14,166,14,0,00-06
BLK-2026-01513,11,2,17,2,0,00-06
BLK-2026-01514,34,5,50,5,0,00-06
BLK-2026-01515,318,3,354,0,0,00-06
BLK-2025-01516,6742,13,6956,0,0,00-06
BLK-2025-01517,2508,17,2724,1,0,00-06
BLK-2026-01518,0,0,0,0,0,00-06
BLK-2026-01519,174,22,168,22,0,00-06
BLK-2026-01520,11,2,18,2,0,00-06
BLK-2026-01521,744,9,865,0,0,00-06
BLK-2026-01522,24,1,26,0,0,00-06
BLK-2026-01524,23,3,21,3,0,00-06
BLK-2025-01526,1525,11,1589,0,0,00-06
BLK-2026-01527,0,0,0,0,0,00-06
BLK-2026-01529,55,7,40,7,0,00-06
BLK-2026-01530,674,4,758,0,0,00-06
BLK-2026-01531,0,0,0,0,0,00-06
BLK-2025-01533,23262,67,27154,0,0,00-06
BLK-2025-01536,55,7,61,7,0,06-12
BLK-2026-01537,6,1,5,1,0,00-06
BLK-2026-01538,834,8,1116,0,0,06-12
BLK-2025-01539,46,6,35,6,0,00-06
BLK-2026-01540,4702,30,5461,0,0,00-06
BLK-2026-01541,34,5,41,5,0,00-06
BLK-2025-01542,482,8,504,1,0,00-06
BLK-2026-01543,808,9,901,0,0,00-06
BLK-2025-01545,87,4,102,0,0,00-06
BLK-2026-01546,0,0,0,0,0,00-06
BLK-2025-01548,77,9,106,9,0,00-06
BLK-2026-01549,1176,9,1245,0,0,00-06
BLK-2026-01551,6069,35,7070,0,0,00-06
BLK-2025-01552,29,4,35,4,0,00-06
BLK-2026-01554,0,0,0,0,0,00-06
BLK-2026-01555,1310,12,1479,0,0,00-06
BLK-2026-01558,0,0,0,0,0,00-06
BLK-2026-01559,6817,38,8180,0,0,00-06
BLK-2025-01560,11,2,12,2,0,18-24
BLK-2025-01561,647,7,709,0,0,00-06
BLK-2025-01562,102,12,116,12,0,00-06
BLK-2026-01563,40,6,45,6,0,00-06
BLK-2026-01564,41059,94,48960,0,0,00-06
BLK-2026-01570,136,17,100,17,0,00-06
BLK-2025-01573,49,7,63,7,0,18-24
BLK-2025-01575,0,0,0,0,0,00-06
BLK-2026-01576,29,4,30,4,0,00-06
BLK-2025-01577,217,28,234,28,0,00-06
BLK-2026-01579,0,0,0,0,0,00-06
BLK-2026-01581,145,18,125,18,0,00-06
BLK-2026-01583,34,5,23,5,0,00-06
BLK-2026-01585,0,0,0,0,0,00-06
BLK-2025-01587,10450,45,12381,0,0,00-06
BLK-2025-01588,365,9,437,0,0,00-06
BLK-2026-01589,77,9,85,9,0,00-06
BLK-2025-01590,3756,28,4432,0,0,00-06
BLK-2026-01591,0,0,0,0,0,00-06
BLK-2026-01593,87,10,95,10,0,00-06
BLK-2026-01594,22,4,17,4,0,00-06
BLK-2026-01595,6,1,4,1,0,00-06
BLK-2026-01596,5304,26,6872,0,0,18-24
BLK-2025-01597,33,3,37,0,0,00-06
BLK-2026-01598,0,0,0,0,0,00-06
BLK-2025-01599,6,1,6,1,0,00-06
BLK-2025-01600,77,9,113,9,0,00-06
BLK-2026-01601,47,6,49,6,0,00-06
BLK-2026-01604,47,6,72,6,0,00-06
BLK-2026-01605,11,2,10,2,0,00-06
BLK-2026-01608,110,13,93,13,0,00-06
BLK-2026-01609,54,8,74,8,0,00-06
BLK-2025-01611,681,9,750,0,0,00-06
BLK-2026-01613,6,1,5,1,0,06-12
BLK-2026-01615,6,1,4,1,0,00-06
BLK-2025-01617,11,2,17,2,0,00-06
BLK-2025-01619,0,0,0,0,0,00-06
BLK-2025-01620,102,12,129,12,0,00-06
BLK-2026-01621,71,8,71,8,0,00-06
BLK-2025-01622,848,10,943,0,0,00-06
BLK-2026-01625,64,1,73,0,0,00-06
BLK-2025-01626,394,9,463,0,0,00-06
BLK-2026-01629,34,5,44,5,0,18-24
BLK-2026-01631,0,0,0,0,0,00-06
BLK-2026-01632,91,14,128,14,0,00-06
BLK-2026-01633,2229,7,2433,0,0,00-06
BLK-2026-01634,0,0,0,0,0,00-06
BLK-2026-01635,6,1,8,1,0,00-06
BLK-2026-01636,130,17,174,17,0,06-12
BLK-2025-01637,11,2,6,2,0,00-06
BLK-2026-01639,53,7,69,7,0,00-06
BLK-2026-01640,78,9,112,9,0,00-06
BLK-2026-01641,40,6,56,6,0,00-06
BLK-2025-01643,4504,23,4832,1,0,00-06
BLK-2026-01644,1822,12,1908,0,0,00-06
BLK-2026-01645,6178,36,6997,0,0,00-06
BLK-2026-01647,6,1,7,1,0,06-12
BLK-2026-01648,119,14,161,14,0,00-06
BLK-2026-01649,29,4,41,4,0,00-06
BLK-2025-01652,88,11,120,11,0,00-06
BLK-2026-01655,0,0,0,0,0,00-06
BLK-2025-01656,4017,17,4559,0,0,00-06
BLK-2026-01657,125,15,101,15,0,00-06
BLK-2026-01658,0,0,0,0,0,00-06
BLK-2026-01659,10908,47,14680,0,0,06-12
BLK-2025-01660,698,12,922,0,0,18-24
BLK-2026-01662,1299,17,1629,0,0,00-06
BLK-2026-01664,34,5,34,5,0,00-06
BLK-2026-01667,27160,73,30191,0,0,00-06
BLK-2026-01668,1059,12,1148,1,0,00-06
BLK-2026-01669,6068,34,7123,0,0,00-06
BLK-2026-01671,72,10,72,10,0,00-06
BLK-2025-01673,3083,26,4094,0,0,06-12
BLK-2026-01675,40,6,32,6,0,00-06
BLK-2025-01677,0,1,0,0,0,00-06
BLK-2025-01678,0,0,0,0,0,00-06
BLK-2026-01679,0,0,0,0,0,00-06
BLK-2025-01680,63,9,89,9,0,00-06
BLK-2026-01682,370,5,481,0,0,06-12
BLK-2025-01686,858,10,1087,0,0,06-12
BLK-2026-01687,23,3,26,3,0,00-06
BLK-2026-01688,5897,36,6597,0,0,00-06
BLK-2026-01689,0,0,0,0,0,00-06
BLK-2025-01690,5877,21,6154,0,0,00-06
BLK-2026-01692,0,0,0,0,0,00-06
BLK-2026-01693,42,1,45,0,0,00-06
BLK-2026-01695,40,6,48,6,0,00-06
BLK-2026-01699,0,0,0,0,0,00-06
BLK-2026-01701,0,0,0,0,0,00-06
BLK-2026-01702,601,7,620,0,0,00-06
BLK-2025-01703,7580,39,9100,0,0,00-06
BLK-2026-01704,19,1,22,0,0,00-06
BLK-2026-01706,87,10,121,10,0,00-06
BLK-2026-01707,0,0,0,0,0,00-06
BLK-2026-01708,6,1,7,1,0,00-06
BLK-2025-01709,3912,21,4343,1,0,00-06
BLK-2026-01710,0,0,0,0,0,00-06
BLK-2025-01711,619,7,673,0,0,00-06
BLK-2026-01713,119,14,103,14,0,00-06
BLK-2025-01716,70,9,67,9,0,18-24
BLK-2025-01717,1969,7,2116,0,0,00-06
BLK-2026-01718,29,4,43,4,0,00-06
BLK-2026-01719,2811,17,3070,0,0,00-06
BLK-2026-01722,12,1,16,1,0,18-24
BLK-2025-01725,0,0,0,0,0,00-06
BLK-2026-01729,5766,33,6752,0,0,00-06
BLK-2026-01730,262,8,315,0,0,00-06
BLK-2026-01731,2683,23,3557,0,0,06-12
BLK-2026-01732,0,0,0,0,0,00-06
BLK-2026-01735,1432,18,1645,0,0,00-06
BLK-2025-01736,265,2,288,0,0,00-06
BLK-2026-01737,0,0,0,0,0,00-06
BLK-2026-01738,125,16,166,16,0,06-12
BLK-2026-01739,343,5,390,0,0,00-06
BLK-2026-01740,46,7,69,7,0,00-06
BLK-2026-01742,0,0,0,0,0,00-06
BLK-2026-01743,9477,45,11184,0,0,00-06
BLK-2026-01744,34,5,28,5,0,00-06
BLK-2026-01746,12,1,14,0,0,00-06
BLK-2026-01747,271,5,297,0,0,00-06
BLK-2026-01748,40,6,36,6,0,00-06
BLK-2026-01749,4253,18,5294,0,0,06-12
BLK-2026-01750,147,5,179,0,0,00-06
BLK-2026-01752,499,10,611,0,0,00-06
BLK-2026-01753,471,8,517,1,0,00-06
BLK-2025-01755,0,0,0,0,0,00-06
BLK-2025-01756,212,26,187,26,0,00-06
BLK-2026-01757,1185,11,1276,0,0,00-06
BLK-2026-01758,104,14,71,14,0,00-06
BLK-2025-01759,59,2,60,0,0,00-06
BLK-2026-01760,17,3,21,3,0,00-06
BLK-2026-01761,5616,25,6179,0,0,00-06
BLK-2026-01762,71,8,55,8,0,00-06
BLK-2026-01763,3582,28,4048,0,0,00-06
BLK-2025-01764,0,0,0,0,0,00-06
BLK-2025-01765,70,9,96,9,0,00-06
BLK-2026-01767,9,2,13,0,0,00-06
BLK-2026-01768,0,0,0,0,0,00-06
BLK-2026-01769,1010,9,1101,0,0,00-06
BLK-2026-01770,474,8,550,0,0,00-06
BLK-2025-01771,1574,18,1794,0,0,00-06
BLK-2026-01772,11,2,12,2,0,00-06
BLK-2025-01773,1057,9,1147,0,0,00-06
BLK-2026-01774,0,0,0,0,0,00-06
BLK-2025-01775,491,6,606,0,0,06-12
BLK-2026-01776,157,19,175,19,0,00-06
BLK-2026-01777,6,1,8,1,0,00-06
BLK-2026-01778,55,7,51,7,0,00-06
BLK-2026-01779,11,2,17,2,0,00-06
BLK-2026-01780,17,3,25,3,0,00-06
BLK-2026-01781,11,2,17,2,0,00-06
BLK-2026-01782,3625,28,4204,0,0,00-06
BLK-2026-01783,4736,23,5239,0,0,00-06
BLK-2026-01784,89,3,106,0,0,00-06
BLK-2026-01787,71,8,97,8,0,00-06
BLK-2026-01788,34,5,27,5,0,00-06
BLK-2026-01790,0,0,0,0,0,00-06
BLK-2025-01792,111,3,117,0,0,00-06
BLK-2026-01794,191,24,144,24,0,00-06
BLK-2025-01795,11,2,9,2,0,00-06
BLK-2026-01797,29,4,25,4,0,00-06
BLK-2026-01798,101,5,135,0,0,00-06
BLK-2026-01799,325,6,363,0,0,00-06
BLK-2026-01800,1699,11,1751,0,0,00-06
BLK-2026-01802,23,3,26,3,0,00-06
BLK-2026-01803,0,0,0,0,0,00-06
BLK-2025-01804,648,11,745,0,0,00-06
BLK-2026-01806,117,1,127,0,0,00-06
BLK-2025-01808,61,8,98,8,0,06-12
BLK-2025-01809,649,8,816,0,0,06-12
BLK-2026-01811,42,1,51,0,0,06-12
BLK-2025-01812,1689,19,2001,0,0,00-06
BLK-2026-01813,3981,29,4451,0,0,00-06
BLK-2025-01815,17319,61,20901,0,0,00-06
BLK-2025-01816,17,3,18,3,0,00-06
BLK-2026-01817,1140,9,1280,0,0,00-06
BLK-2026-01818,0,0,0,0,0,00-06
BLK-2026-01819,2476,14,2718,0,0,00-06
BLK-2026-01824,69,10,57,10,0,00-06
BLK-2025-01825,0,0,0,0,0,00-06
BLK-2026-01826,3747,17,4771,0,0,06-12
BLK-2026-01827,77,9,74,9,0,00-06
BLK-2026-01828,0,0,0,0,0,00-06
BLK-2026-01830,0,0,0,0,0,00-06
BLK-2026-01831,50,6,39,6,0,00-06
BLK-2026-01832,50,6,37,6,0,00-06
BLK-2026-01833,46,7,51,7,0,00-06
BLK-2026-01837,11,2,15,2,0,00-06
BLK-2025-01838,370,5,377,0,0,00-06
BLK-2026-01839,29,4,20,4,0,00-06
BLK-2025-01840,56,3,68,0,0,00-06
BLK-2026-01841,117,15,167,15,0,00-06
BLK-2026-01842,0,0,0,0,0,00-06
BLK-2026-01843,248,30,351,30,0,00-06
BLK-2026-01844,4856,24,5380,1,0,00-06
BLK-2026-01845,1053,15,1490,0,0,06-12
BLK-2025-01846,0,0,0,0,0,00-06
BLK-2025-01847,202,26,243,26,0,00-06
BLK-2026-01850,0,0,0,0,0,00-06
BLK-2025-01851,264,5,291,0,0,00-06
BLK-2026-01852,17,3,19,3,0,00-06
BLK-2026-01854,166,20,165,20,0,00-06
BLK-2026-01855,11,2,15,2,0,00-06
BLK-2026-01858,11,2,18,2,0,00-06
BLK-2026-01859,46,7,43,7,0,00-06
BLK-2026-01860,71,8,78,8,0,00-06
BLK-2025-01861,0,0,0,0,0,00-06
BLK-2026-01864,49,6,47,6,0,12-18
BLK-2026-01865,1003,5,1069,0,0,00-06
BLK-2025-01866,18,2,20,2,0,00-06
BLK-2026-01868,0,0,0,0,0,00-06
BLK-2025-01869,11,2,10,2,0,06-12
BLK-2026-01875,0,0,0,0,0,00-06
BLK-2026-01876,0,0,0,0,0,00-06
BLK-2026-01877,271,5,341,0,0,06-12
BLK-2025-01878,1123,16,1342,0,0,00-06
BLK-2025-01879,23,3,30,3,0,00-06
BLK-2026-01880,549,8,668,0,0,00-06
BLK-2025-01881,895,12,1020,0,0,00-06
BLK-2025-01883,0,0,0,0,0,00-06
BLK-2026-01885,51,8,54,8,0,00-06
BLK-2025-01886,627,8,689,0,0,00-06
BLK-2026-01887,0,0,0,0,0,00-06
BLK-2026-01889,52,7,42,7,0,00-06
BLK-2026-01891,11,2,13,2,0,00-06
BLK-2026-01894,513,7,533,0,0,00-06
BLK-2026-01896,0,0,0,0,0,00-06
BLK-2026-01897,29,4,38,4,0,00-06
BLK-2026-01898,0,0,0,0,0,00-06
BLK-2026-01899,332,3,420,0,0,06-12
BLK-2026-01901,46,7,32,7,0,00-06
BLK-2026-01902,38,5,33,5,0,00-06
BLK-2026-01903,2404,23,3012,0,0,12-18
BLK-2026-01906,69,10,91,10,0,00-06
BLK-2026-01907,86,12,84,12,0,00-06
BLK-2026-01909,11,2,14,2,0,00-06
BLK-2025-01913,116,14,108,14,0,00-06
BLK-2026-01914,326,6,368,0,0,00-06
BLK-2026-01915,107,14,154,14,0,06-12
BLK-2026-01916,204,26,218,26,0,00-06
BLK-2026-01917,171,21,177,21,0,00-06
BLK-2026-01918,0,0,0,0,0,00-06
BLK-2026-01919,243,31,215,31,0,00-06
BLK-2026-01920,6,1,6,1,0,06-12
BLK-2026-01921,11,2,12,2,0,00-06
BLK-2026-01924,38,5,33,5,0,06-12
BLK-2025-01925,71,8,94,8,0,00-06
BLK-2026-01928,6,1,4,1,0,00-06
BLK-2026-01930,97,1,97,0,0,00-06
BLK-2025-01931,317,1,385,0,0,00-06
BLK-2026-01932,0,0,0,0,0,00-06
BLK-2026-01937,5143,24,5787,1,0,00-06
BLK-2026-01939,11,2,12,2,0,00-06
BLK-2026-01940,895,14,1021,0,0,00-06
BLK-2025-01941,42,5,45,5,0,00-06
BLK-2026-01946,14414,56,17106,0,0,00-06
BLK-2025-01948,1315,6,1465,0,0,12-18
BLK-2025-01949,6,1,9,1,0,06-12
BLK-2025-01950,6,1,4,1,0,00-06
BLK-2026-01951,11,2,15,2,0,00-06
BLK-2026-01953,11,2,11,2,0,00-06
BLK-2026-01954,0,0,0,0,0,00-06
BLK-2025-01958,302,7,325,1,0,00-06
BLK-2026-01959,337,9,401,0,0,00-06
BLK-2026-01960,0,0,0,0,0,00-06
BLK-2025-01961,3421,16,3519,0,0,00-06
BLK-2026-01962,104,14,94,14,0,00-06
BLK-2026-01963,96,11,86,11,0,00-06
BLK-2026-01964,40,6,50,6,0,00-06
BLK-2026-01965,576,9,622,0,0,00-06
BLK-2026-01966,604,9,691,0,0,00-06
BLK-2026-01967,3697,27,4958,0,0,06-12
BLK-2026-01969,0,0,0,0,0,00-06
BLK-2026-01970,7995,41,11147,0,0,06-12
BLK-2026-01972,11,2,11,2,0,00-06
BLK-2025-01980,9337,45,12354,0,0,06-12
BLK-2026-01982,8,1,12,0,0,00-06
BLK-2025-01984,134,16,176,16,0,00-06
BLK-2026-01985,154,19,144,19,0,00-06
BLK-2026-01986,1717,18,2065,0,0,00-06
BLK-2026-01989,66,9,89,9,0,00-06
BLK-2025-01991,660,9,738,0,0,00-06
BLK-2026-01992,14764,56,18249,0,0,12-18
BLK-2025-01993,23,3,24,3,0,00-06
BLK-2026-01994,40,6,52,6,0,00-06
BLK-2025-01995,154,20,263,20,0,06-12
BLK-2026-01997,11,2,15,2,0,00-06
BLK-2026-01998,4772,23,6005,0,0,06-12
BLK-2026-02000,8059,42,9111,0,0,00-06
BLK-2026-02001,5897,36,6593,0,0,00-06
BLK-2026-02002,77,9,107,9,0,00-06
BLK-2025-02004,29,4,25,4,0,18-24
BLK-2025-02005,1570,16,1782,0,0,00-06
BLK-2026-02006,980,5,1011,0,0,00-06
BLK-2026-02007,0,0,0,0,0,00-06
BLK-2026-02008,0,0,0,0,0,00-06
BLK-2025-02009,17,3,11,3,0,00-06
BLK-2026-02012,591,7,656,0,0,00-06
BLK-2025-02014,174,22,198,22,0,00-06
BLK-2026-02015,0,0,0,0,0,00-06
BLK-2026-02017,41,5,35,5,0,00-06
BLK-2025-02018,791,13,943,0,0,00-06
BLK-2025-02019,365,9,402,0,0,00-06
BLK-2026-02020,40,6,32,6,0,00-06
BLK-2025-02021,0,0,0,0,0,00-06
BLK-2025-02022,8546,42,10707,0,0,12-18
BLK-2026-02024,7151,38,8113,0,0,00-06
BLK-2026-02025,1048,5,1206,0,0,12-18
BLK-2026-02026,0,0,0,0,0,00-06
BLK-2025-02027,26,3,27,3,0,00-06
BLK-2026-02028,6,1,7,1,0,00-06
BLK-2026-02029,135,3,135,0,0,00-06
BLK-2026-02031,150,6,178,0,0,00-06
BLK-2026-02032,23,3,33,3,0,12-18
BLK-2025-02033,171,21,199,21,0,12-18
BLK-2026-02035,0,0,0,0,0,00-06
BLK-2025-02036,202,26,279,26,0,00-06
BLK-2026-02037,77,9,109,9,0,00-06
BLK-2026-02038,0,0,0,0,0,00-06
BLK-2026-02039,2812,15,3138,0,0,00-06
BLK-2026-02040,677,8,727,0,0,00-06
BLK-2026-02041,81,11,61,11,0,00-06
BLK-2026-02042,0,0,0,0,0,00-06
BLK-2026-02045,2039,15,2197,0,0,00-06
BLK-2026-02046,110,13,127,13,0,00-06
BLK-2025-02047,6,1,3,1,0,00-06
BLK-2026-02048,602,4,625,0,0,00-06
BLK-2025-02049,21852,68,25760,0,0,00-06
BLK-2025-02050,40,6,54,6,0,00-06
BLK-2026-02051,2624,14,2809,0,0,00-06
BLK-2026-02054,2377,23,3268,0,0,06-12
BLK-2026-02055,41,5,57,5,0,12-18
BLK-2026-02056,4748,24,5371,1,0,12-18
BLK-2026-02057,23,3,33,3,0,00-06
BLK-2025-02059,0,0,0,0,0,00-06
BLK-2026-02060,71,8,56,8,0,00-06
BLK-2026-02061,11,2,6,2,0,00-06
BLK-2026-02062,0,0,0,0,0,00-06
BLK-2026-02063,40,6,30,6,0,00-06
BLK-2026-02065,0,0,0,0,0,00-06
BLK-2026-02066,6699,38,7695,0,0,00-06
BLK-2026-02067,0,0,0,0,0,00-06
BLK-2025-02068,39039,91,46971,0,0,00-06
BLK-2025-02069,0,0,0,0,0,00-06
BLK-2026-02070,3725,21,4829,1,0,06-12
BLK-2026-02072,174,21,170,21,0,00-06
BLK-2026-02073,0,0,0,0,0,00-06
BLK-2025-02074,4145,22,4421,1,0,00-06
BLK-2025-02076,1877,6,2212,0,0,12-18
BLK-2026-02077,0,0,0,0,0,00-06
BLK-2025-02079,133,5,159,0,0,00-06
BLK-2026-02080,101,5,119,0,0,00-06
BLK-2026-02081,847,5,891,0,0,00-06
BLK-2026-02082,11,2,9,2,0,00-06
BLK-2026-02084,0,0,0,0,0,00-06
BLK-2025-02085,0,0,0,0,0,18-24
BLK-2025-02086,940,8,1007,0,0,00-06
BLK-2026-02087,69,1,69,0,0,00-06
BLK-2026-02088,677,4,742,0,0,00-06
BLK-2026-02089,22,4,34,4,0,18-24
BLK-2026-02090,549,11,620,0,0,00-06
BLK-2025-02092,0,0,0,0,0,00-06
BLK-2025-02093,0,0,0,0,0,00-06
BLK-2025-02094,11,2,17,2,0,00-06
BLK-2026-02095,388,50,296,50,0,00-06
BLK-2025-02096,923,14,1091,0,0,00-06
BLK-2026-02097,1663,13,1841,0,0,00-06
BLK-2026-02098,12661,51,14685,0,0,00-06
BLK-2026-02100,11,1,11,0,0,00-06
BLK-2026-02101,34,5,47,5,0,00-06
BLK-2026-02103,70,9,87,9,0,06-12
BLK-2025-02105,962,9,1046,0,0,00-06
BLK-2026-02106,18125,60,21138,0,0,00-06
BLK-2025-02107,82,10,117,10,0,00-06
BLK-2026-02108,86,12,99,12,0,00-06
BLK-2026-02109,84,11,115,11,0,12-18
BLK-2026-02111,29,2,33,0,0,00-06
BLK-2026-02113,105,12,117,12,0,00-06
BLK-2026-02114,46,7,29,7,0,00-06
BLK-2026-02115,0,0,0,0,0,00-06
BLK-2026-02116,0,0,0,0,0,00-06
BLK-2026-02119,0,0,0,0,0,00-06
BLK-2025-02120,636,12,717,0,0,00-06
BLK-2025-02122,10708,48,12476,0,0,00-06
BLK-2025-02123,0,0,0,0,0,00-06
BLK-2026-02124,0,0,0,0,0,00-06
BLK-2026-02125,1533,14,1695,1,0,00-06
BLK-2026-02127,2666,23,3208,0,0,00-06
BLK-2026-02129,47,6,35,6,0,00-06
BLK-2026-02132,26,3,24,3,0,00-06
BLK-2026-02134,5599,21,6335,0,0,00-06
BLK-2026-02135,29,4,40,4,0,00-06
BLK-2026-02136,119,14,128,14,0,00-06
BLK-2026-02137,11,2,14,2,0,00-06
BLK-2026-02139,0,0,0,0,0,00-06
BLK-2026-02140,1043,11,1154,0,0,00-06
BLK-2026-02142,0,0,0,0,0,00-06
BLK-2025-02144,17,3,12,3,0,00-06
BLK-2025-02146,507,6,558,0,0,00-06
BLK-2025-02147,6,1,5,1,0,00-06
BLK-2026-02148,29,4,31,4,0,00-06
BLK-2025-02149,87,11,100,11,0,00-06
BLK-2025-02150,11,2,14,2,0,00-06
BLK-2026-02151,386,7,409,1,0,00-06
BLK-2026-02152,11,2,10,2,0,00-06
BLK-2026-02153,195,5,232,0,0,00-06
BLK-2026-02154,200,25,221,25,0,00-06
BLK-2026-02156,9060,44,10273,0,0,00-06
BLK-2026-02157,104,14,102,14,0,00-06
BLK-2026-02158,17990,62,23245,0,0,12-18
BLK-2025-02159,0,0,0,0,0,00-06
BLK-2025-02160,2282,13,2437,0,0,00-06
BLK-2026-02161,14113,33,15864,0,0,00-06
BLK-2026-02162,22,4,15,4,0,00-06
BLK-2026-02164,1409,6,1609,0,0,12-18
BLK-2026-02168,491,6,544,0,0,00-06
BLK-2025-02169,0,0,0,0,0,00-06
BLK-2026-02170,11,2,14,2,0,00-06
BLK-2026-02171,11,2,7,2,0,00-06
BLK-2026-02172,240,7,284,0,0,00-06
BLK-2026-02173,117,5,129,0,0,00-06
BLK-2026-02174,29,4,21,4,0,00-06
BLK-2026-02175,11,2,7,2,0,00-06
BLK-2026-02176,0,0,0,0,0,00-06
BLK-2026-02177,0,0,0,0,0,00-06
BLK-2026-02178,1223,16,1500,0,0,00-06
BLK-2026-02179,11,2,14,2,0,00-06
BLK-2026-02182,98,13,78,13,0,00-06
BLK-2025-02183,0,1,2,0,0,00-06
BLK-2026-02186,6,1,5,1,0,00-06
BLK-2026-02187,11,2,7,2,0,00-06
BLK-2026-02190,27150,76,31998,0,0,00-06
BLK-2026-02191,6759,36,7595,0,0,00-06
BLK-2026-02192,11,2,15,2,0,00-06
BLK-2026-02193,6,1,4,1,0,00-06
BLK-2026-02194,71,2,78,0,0,00-06
BLK-2026-02196,0,0,0,0,0,00-06
BLK-2026-02197,18280,63,22245,0,0,00-06
BLK-2026-02198,218,7,248,0,0,00-06
BLK-2025-02199,6,1,9,1,0,00-06
BLK-2026-02200,31,4,31,4,0,00-06
BLK-2025-02201,29,4,35,4,0,00-06
BLK-2026-02203,47,6,59,6,0,00-06
BLK-2026-02207,305,6,344,0,0,00-06
BLK-2025-02208,11,2,16,2,0,00-06
BLK-2025-02211,961,11,1160,0,0,00-06
BLK-2025-02212,1093,12,1207,1,0,00-06
BLK-2025-02214,7069,28,8011,1,0,00-06
BLK-2026-02215,15401,56,20724,0,0,06-12
BLK-2026-02216,7550,40,8965,0,0,00-06
BLK-2026-02219,549,8,684,0,0,06-12
BLK-2025-02223,29,4,44,4,0,06-12
BLK-2026-02225,4118,30,4773,0,0,00-06
BLK-2026-02226,16567,60,19791,0,0,00-06
BLK-2026-02227,40,6,58,6,0,00-06
BLK-2026-02228,44,5,40,5,0,00-06
BLK-2026-02229,9759,46,11561,0,0,00-06
BLK-2025-02230,123,3,133,0,0,00-06
BLK-2026-02231,200,25,282,25,0,00-06
BLK-2026-02232,86,12,86,12,0,00-06
BLK-2026-02234,5172,32,6206,0,0,00-06
BLK-2026-02235,29,4,25,4,0,00-06
BLK-2025-02237,50,1,57,0,0,00-06
BLK-2026-02239,18,2,14,2,0,00-06
BLK-2026-02240,0,0,0,0,0,00-06
BLK-2026-02243,7929,30,9156,1,0,12-18
BLK-2026-02244,18,2,19,2,0,00-06
BLK-2026-02245,40,6,33,6,0,00-06
BLK-2025-02246,0,0,0,0,0,00-06
BLK-2026-02247,17,3,11,3,0,00-06
BLK-2026-02248,22,4,29,4,0,12-18
BLK-2026-02250,351,6,398,0,0,00-06
BLK-2026-02252,11,2,14,2,0,00-06
BLK-2026-02253,166,20,232,20,0,00-06
BLK-2025-02254,46,7,33,7,0,00-06
BLK-2026-02255,34,5,52,5,0,06-12
BLK-2025-02256,647,7,718,0,0,00-06
BLK-2026-02259,6,1,7,1,0,00-06
BLK-2026-02261,11,2,16,2,0,00-06
BLK-2026-02262,18771,63,23089,0,0,00-06
BLK-2026-02265,174,22,228,22,0,00-06
BLK-2026-02268,95,13,115,13,0,00-06
BLK-2025-02269,52,7,58,7,0,12-18
BLK-2026-02274,1441,12,1537,0,0,00-06
BLK-2026-02275,33,1,35,0,0,00-06
BLK-2026-02276,43,6,35,6,0,00-06
BLK-2026-02277,2661,14,2974,0,0,00-06
BLK-2026-02278,2698,14,2857,0,0,00-06
BLK-2025-02279,0,0,0,0,0,00-06
BLK-2025-02280,11,2,12,2,0,00-06
BLK-2026-02282,874,14,1067,0,0,00-06
BLK-2026-02284,271,6,292,0,0,00-06
BLK-2026-02286,523,6,575,0,0,00-06
BLK-2026-02287,64,8,81,8,0,00-06
BLK-2025-02289,0,0,0,0,0,00-06
BLK-2026-02290,610,7,666,0,0,12-18
BLK-2026-02292,0,0,0,0,0,00-06
BLK-2025-02293,1223,16,1472,0,0,00-06
BLK-2026-02294,730,9,838,0,0,12-18
BLK-2026-02295,20,3,14,3,0,00-06
BLK-2026-02296,104,14,141,14,0,00-06
BLK-2026-02300,47,6,47,6,0,00-06
BLK-2026-02303,721,7,752,0,0,00-06
BLK-2025-02304,895,14,1061,0,0,00-06
BLK-2026-02305,0,0,0,0,0,00-06
BLK-2025-02306,0,0,0,0,0,00-06
BLK-2026-02308,82,10,62,10,0,00-06
BLK-2026-02309,3049,15,3454,0,0,00-06
BLK-2026-02311,6,1,8,1,0,00-06
BLK-2026-02313,6,1,7,1,0,00-06
BLK-2025-02315,12411,52,14098,0,0,00-06
BLK-2025-02316,174,22,124,22,0,00-06
BLK-2026-02317,20695,67,24139,0,0,00-06
BLK-2026-02318,8382,41,10065,0,0,00-06
BLK-2026-02320,15,1,17,0,0,00-06
BLK-2026-02322,6,1,5,1,0,00-06
BLK-2025-02324,53,7,53,7,0,00-06
BLK-2026-02325,3101,19,3471,1,0,00-06
BLK-2025-02326,40,6,56,6,0,00-06
BLK-2025-02327,115,3,115,0,0,00-06
BLK-2026-02328,0,0,0,0,0,00-06
BLK-2026-02329,34,5,39,5,0,00-06
BLK-2026-02330,17,3,16,3,0,00-06
BLK-2026-02332,3672,27,4273,0,0,00-06
BLK-2026-02333,17,3,22,3,0,00-06
BLK-2026-02334,180,4,206,0,0,00-06
BLK-2026-02335,0,0,0,0,0,00-06
BLK-2026-02336,47,6,65,6,0,00-06
BLK-2026-02338,0,0,0,0,0,00-06
BLK-2026-02341,25,2,26,0,0,00-06
BLK-2026-02343,54,8,80,8,0,00-06
