crew_id,department,base_section,size,shift_pattern,qualifications,min_rest_hours,max_consecutive_nights,max_weekly_duty_hours,division_id
ENG-MAS-A,ENG,MAS-BBQ-UP_SUB,17,rotating_2,ENG-RAIL-WELD;ENG-LC-ATTENTION;ENG-DRAIN-CLEAR;ENG-TRACK-PATROL;ENG-YARD-PWAY;ENG-SLEEPER-RENEWAL,12,2,48,SR-MAS
ENG-PER-A,ENG,BBQ-PER-UP_SUB,13,rotating_3,ENG-RAIL-WELD;ENG-LC-ATTENTION;ENG-DRAIN-CLEAR;ENG-TRACK-PATROL;ENG-YARD-PWAY;ENG-SLEEPER-RENEWAL,12,3,48,SR-MAS
ENG-ABU-A,ENG,PER-ABU-UP_SUB,14,rotating_2,ENG-RAIL-WELD;ENG-LC-ATTENTION;ENG-DRAIN-CLEAR;ENG-TRACK-PATROL;ENG-YARD-PWAY;ENG-SLEEPER-RENEWAL,12,2,48,SR-MAS
ENG-AVD-A,ENG,ABU-AVD-UP_SUB,16,rotating_2,ENG-RAIL-WELD;ENG-LC-ATTENTION;ENG-DRAIN-CLEAR;ENG-TRACK-PATROL;ENG-YARD-PWAY;ENG-SLEEPER-RENEWAL,12,2,52,SR-MAS
ENG-TI-A,ENG,AVD-TI-UP,16,rotating_3,ENG-RAIL-WELD;ENG-LC-ATTENTION;ENG-DRAIN-CLEAR;ENG-TRACK-PATROL;ENG-YARD-PWAY;ENG-SLEEPER-RENEWAL,12,3,48,SR-MAS
ENG-TRL-A,ENG,TI-TRL-UP,13,rotating_2,ENG-RAIL-WELD;ENG-LC-ATTENTION;ENG-DRAIN-CLEAR;ENG-TRACK-PATROL;ENG-YARD-PWAY;ENG-SLEEPER-RENEWAL,12,2,52,SR-MAS
ENG-AJJ-A,ENG,TRL-AJJ-UP,20,rotating_2,ENG-RAIL-WELD;ENG-LC-ATTENTION;ENG-DRAIN-CLEAR;ENG-TRACK-PATROL;ENG-YARD-PWAY;ENG-SLEEPER-RENEWAL,12,2,52,SR-MAS
ENG-TNP-A,ENG,BBQ-TNP-UP,12,rotating_2,ENG-RAIL-WELD;ENG-LC-ATTENTION;ENG-DRAIN-CLEAR;ENG-TRACK-PATROL;ENG-YARD-PWAY;ENG-SLEEPER-RENEWAL,12,2,52,SR-MAS
ENG-ENR-A,ENG,TNP-ENR-UP,19,rotating_2,ENG-RAIL-WELD;ENG-LC-ATTENTION;ENG-DRAIN-CLEAR;ENG-TRACK-PATROL;ENG-YARD-PWAY;ENG-SLEEPER-RENEWAL,12,2,48,SR-MAS
ENG-MJR-A,ENG,ENR-MJR-UP,16,rotating_3,ENG-RAIL-WELD;ENG-LC-ATTENTION;ENG-DRAIN-CLEAR;ENG-TRACK-PATROL;ENG-YARD-PWAY;ENG-SLEEPER-RENEWAL,12,3,48,SR-MAS
ENG-GPD-A,ENG,PON-GPD-UP,15,rotating_2,ENG-RAIL-WELD;ENG-LC-ATTENTION;ENG-DRAIN-CLEAR;ENG-TRACK-PATROL;ENG-YARD-PWAY;ENG-SLEEPER-RENEWAL,12,2,48,SR-MAS
ENG-MSB-A,ENG,MSB-MS-UP_SUB,19,rotating_2,ENG-RAIL-WELD;ENG-LC-ATTENTION;ENG-DRAIN-CLEAR;ENG-TRACK-PATROL;ENG-YARD-PWAY;ENG-SLEEPER-RENEWAL,12,2,48,SR-MAS
ENG-MS-A,ENG,MSB-MS-UP_SUB,16,rotating_3,ENG-RAIL-WELD;ENG-LC-ATTENTION;ENG-DRAIN-CLEAR;ENG-TRACK-PATROL;ENG-YARD-PWAY;ENG-SLEEPER-RENEWAL,12,3,54,SR-MAS
ENG-MBM-A,ENG,MS-MBM-UP_SUB,16,rotating_2,ENG-RAIL-WELD;ENG-LC-ATTENTION;ENG-DRAIN-CLEAR;ENG-TRACK-PATROL;ENG-YARD-PWAY;ENG-SLEEPER-RENEWAL,12,2,48,SR-MAS
ENG-GI-A,ENG,MBM-GI-UP_SUB,11,rotating_2,ENG-RAIL-WELD;ENG-LC-ATTENTION;ENG-DRAIN-CLEAR;ENG-TRACK-PATROL;ENG-YARD-PWAY;ENG-SLEEPER-RENEWAL,12,2,52,SR-MAS
ENG-STM-A,ENG,GI-STM-UP_SUB,20,rotating_3,ENG-RAIL-WELD;ENG-LC-ATTENTION;ENG-DRAIN-CLEAR;ENG-TRACK-PATROL;ENG-YARD-PWAY;ENG-SLEEPER-RENEWAL,12,3,52,SR-MAS
ENG-PV-A,ENG,STM-PV-UP_SUB,10,rotating_3,ENG-RAIL-WELD;ENG-LC-ATTENTION;ENG-DRAIN-CLEAR;ENG-TRACK-PATROL;ENG-YARD-PWAY;ENG-SLEEPER-RENEWAL,12,3,52,SR-MAS
ENG-TBM-A,ENG,PV-TBM-UP_SUB,16,rotating_3,ENG-RAIL-WELD;ENG-LC-ATTENTION;ENG-DRAIN-CLEAR;ENG-TRACK-PATROL;ENG-YARD-PWAY;ENG-SLEEPER-RENEWAL,12,3,48,SR-MAS
ENG-CGL-A,ENG,CGL-WJ-SINGLE,15,rotating_2,ENG-RAIL-WELD;ENG-LC-ATTENTION;ENG-DRAIN-CLEAR;ENG-TRACK-PATROL;ENG-YARD-PWAY;ENG-SLEEPER-RENEWAL,12,2,48,SR-MAS
ENG-CJ-A,ENG,WJ-CJ-SINGLE,17,rotating_3,ENG-RAIL-WELD;ENG-LC-ATTENTION;ENG-DRAIN-CLEAR;ENG-TRACK-PATROL;ENG-YARD-PWAY;ENG-SLEEPER-RENEWAL,12,3,48,SR-MAS
ENG-MAS-B,ENG,MAS-BBQ-UP_SUB,14,rotating_3,ENG-RAIL-WELD;ENG-LC-ATTENTION;ENG-DRAIN-CLEAR;ENG-TRACK-PATROL;ENG-YARD-PWAY;ENG-SLEEPER-RENEWAL,12,3,52,SR-MAS
ENG-PER-B,ENG,BBQ-PER-UP_SUB,14,rotating_2,ENG-RAIL-WELD;ENG-LC-ATTENTION;ENG-DRAIN-CLEAR;ENG-TRACK-PATROL;ENG-YARD-PWAY;ENG-SLEEPER-RENEWAL,12,2,54,SR-MAS
ENG-ABU-B,ENG,PER-ABU-UP_SUB,17,rotating_3,ENG-RAIL-WELD;ENG-LC-ATTENTION;ENG-DRAIN-CLEAR;ENG-TRACK-PATROL;ENG-YARD-PWAY;ENG-SLEEPER-RENEWAL,12,3,52,SR-MAS
ENG-AVD-B,ENG,ABU-AVD-UP_SUB,20,rotating_2,ENG-RAIL-WELD;ENG-LC-ATTENTION;ENG-DRAIN-CLEAR;ENG-TRACK-PATROL;ENG-YARD-PWAY;ENG-SLEEPER-RENEWAL,12,2,54,SR-MAS
ENG-TI-B,ENG,AVD-TI-UP,10,rotating_2,ENG-RAIL-WELD;ENG-LC-ATTENTION;ENG-DRAIN-CLEAR;ENG-TRACK-PATROL;ENG-YARD-PWAY;ENG-SLEEPER-RENEWAL,12,2,54,SR-MAS
ENG-TRL-B,ENG,TI-TRL-UP,20,rotating_3,ENG-RAIL-WELD;ENG-LC-ATTENTION;ENG-DRAIN-CLEAR;ENG-TRACK-PATROL;ENG-YARD-PWAY;ENG-SLEEPER-RENEWAL,12,3,52,SR-MAS
ENG-AJJ-B,ENG,TRL-AJJ-UP,10,rotating_3,ENG-TAMPING;ENG-TURNOUT-TAMP;ENG-BALLAST-REGULATE;ENG-BALLAST-SCREEN;ENG-CURVE-REALIGN;ENG-RAIL-GRIND,12,3,48,SR-MAS
ENG-TNP-B,ENG,BBQ-TNP-UP,7,rotating_2,ENG-TAMPING;ENG-TURNOUT-TAMP;ENG-BALLAST-REGULATE;ENG-BALLAST-SCREEN;ENG-CURVE-REALIGN;ENG-RAIL-GRIND,12,2,48,SR-MAS
ENG-ENR-B,ENG,TNP-ENR-UP,6,rotating_3,ENG-TAMPING;ENG-TURNOUT-TAMP;ENG-BALLAST-REGULATE;ENG-BALLAST-SCREEN;ENG-CURVE-REALIGN;ENG-RAIL-GRIND,12,3,48,SR-MAS
ENG-MJR-B,ENG,ENR-MJR-UP,7,rotating_2,ENG-TAMPING;ENG-TURNOUT-TAMP;ENG-BALLAST-REGULATE;ENG-BALLAST-SCREEN;ENG-CURVE-REALIGN;ENG-RAIL-GRIND,12,2,48,SR-MAS
ENG-GPD-B,ENG,PON-GPD-UP,6,rotating_3,ENG-TAMPING;ENG-TURNOUT-TAMP;ENG-BALLAST-REGULATE;ENG-BALLAST-SCREEN;ENG-CURVE-REALIGN;ENG-RAIL-GRIND,12,3,48,SR-MAS
ENG-MSB-B,ENG,MSB-MS-UP_SUB,7,rotating_2,ENG-TAMPING;ENG-TURNOUT-TAMP;ENG-BALLAST-REGULATE;ENG-BALLAST-SCREEN;ENG-CURVE-REALIGN;ENG-RAIL-GRIND,12,2,52,SR-MAS
ENG-MS-B,ENG,MSB-MS-UP_SUB,7,rotating_3,ENG-TAMPING;ENG-TURNOUT-TAMP;ENG-BALLAST-REGULATE;ENG-BALLAST-SCREEN;ENG-CURVE-REALIGN;ENG-RAIL-GRIND,12,3,52,SR-MAS
ENG-MBM-B,ENG,MS-MBM-UP_SUB,8,rotating_2,ENG-TAMPING;ENG-TURNOUT-TAMP;ENG-BALLAST-REGULATE;ENG-BALLAST-SCREEN;ENG-CURVE-REALIGN;ENG-RAIL-GRIND,12,2,54,SR-MAS
ENG-GI-B,ENG,MBM-GI-UP_SUB,7,rotating_2,ENG-TAMPING;ENG-TURNOUT-TAMP;ENG-BALLAST-REGULATE;ENG-BALLAST-SCREEN;ENG-CURVE-REALIGN;ENG-RAIL-GRIND,12,2,48,SR-MAS
ENG-STM-B,ENG,GI-STM-UP_SUB,9,rotating_3,ENG-TAMPING;ENG-TURNOUT-TAMP;ENG-BALLAST-REGULATE;ENG-BALLAST-SCREEN;ENG-CURVE-REALIGN;ENG-RAIL-GRIND,12,3,54,SR-MAS
ENG-PV-B,ENG,STM-PV-UP_SUB,7,rotating_2,ENG-TAMPING;ENG-TURNOUT-TAMP;ENG-BALLAST-REGULATE;ENG-BALLAST-SCREEN;ENG-CURVE-REALIGN;ENG-RAIL-GRIND,12,2,48,SR-MAS
ENG-TBM-B,ENG,PV-TBM-UP_SUB,10,rotating_3,ENG-TAMPING;ENG-TURNOUT-TAMP;ENG-BALLAST-REGULATE;ENG-BALLAST-SCREEN;ENG-CURVE-REALIGN;ENG-RAIL-GRIND,12,3,54,SR-MAS
ENG-CGL-B,ENG,CGL-WJ-SINGLE,13,rotating_3,ENG-RAIL-RENEWAL;ENG-SLEEPER-RENEWAL;ENG-DESTRESSING;ENG-TURNOUT-OVERHAUL,12,3,48,SR-MAS
ENG-CJ-B,ENG,WJ-CJ-SINGLE,13,rotating_3,ENG-RAIL-RENEWAL;ENG-SLEEPER-RENEWAL;ENG-DESTRESSING;ENG-TURNOUT-OVERHAUL,12,3,52,SR-MAS
ENG-MAS-C,ENG,MAS-BBQ-UP_SUB,13,rotating_3,ENG-RAIL-RENEWAL;ENG-SLEEPER-RENEWAL;ENG-DESTRESSING;ENG-TURNOUT-OVERHAUL,12,3,48,SR-MAS
ENG-PER-C,ENG,BBQ-PER-UP_SUB,16,rotating_2,ENG-RAIL-RENEWAL;ENG-SLEEPER-RENEWAL;ENG-DESTRESSING;ENG-TURNOUT-OVERHAUL,12,2,52,SR-MAS
ENG-ABU-C,ENG,PER-ABU-UP_SUB,12,rotating_3,ENG-RAIL-RENEWAL;ENG-SLEEPER-RENEWAL;ENG-DESTRESSING;ENG-TURNOUT-OVERHAUL,12,3,48,SR-MAS
ENG-AVD-C,ENG,ABU-AVD-UP_SUB,15,rotating_2,ENG-RAIL-RENEWAL;ENG-SLEEPER-RENEWAL;ENG-DESTRESSING;ENG-TURNOUT-OVERHAUL,12,2,54,SR-MAS
ENG-TI-C,ENG,AVD-TI-UP,20,rotating_2,ENG-RAIL-RENEWAL;ENG-SLEEPER-RENEWAL;ENG-DESTRESSING;ENG-TURNOUT-OVERHAUL,12,2,48,SR-MAS
ENG-TRL-C,ENG,TI-TRL-UP,18,rotating_2,ENG-RAIL-RENEWAL;ENG-SLEEPER-RENEWAL;ENG-DESTRESSING;ENG-TURNOUT-OVERHAUL,12,2,48,SR-MAS
ENG-AJJ-C,ENG,TRL-AJJ-UP,15,rotating_2,ENG-RAIL-RENEWAL;ENG-SLEEPER-RENEWAL;ENG-DESTRESSING;ENG-TURNOUT-OVERHAUL,12,2,52,SR-MAS
ENG-TNP-C,ENG,BBQ-TNP-UP,14,rotating_2,ENG-RAIL-RENEWAL;ENG-SLEEPER-RENEWAL;ENG-DESTRESSING;ENG-TURNOUT-OVERHAUL,12,2,52,SR-MAS
ENG-ENR-C,ENG,TNP-ENR-UP,4,rotating_2,ENG-USFD-TEST;ENG-BRIDGE-INSP;ENG-BRIDGE-REPAIR,12,2,48,SR-MAS
ENG-MJR-C,ENG,ENR-MJR-UP,5,rotating_2,ENG-USFD-TEST;ENG-BRIDGE-INSP;ENG-BRIDGE-REPAIR,12,2,48,SR-MAS
ENG-GPD-C,ENG,PON-GPD-UP,5,rotating_2,ENG-USFD-TEST;ENG-BRIDGE-INSP;ENG-BRIDGE-REPAIR,12,2,54,SR-MAS
ENG-MSB-C,ENG,MSB-MS-UP_SUB,5,rotating_3,ENG-USFD-TEST;ENG-BRIDGE-INSP;ENG-BRIDGE-REPAIR,12,3,48,SR-MAS
ENG-MS-C,ENG,MSB-MS-UP_SUB,4,rotating_2,ENG-USFD-TEST;ENG-BRIDGE-INSP;ENG-BRIDGE-REPAIR,12,2,48,SR-MAS
ENG-MBM-C,ENG,MS-MBM-UP_SUB,6,rotating_3,ENG-USFD-TEST;ENG-BRIDGE-INSP;ENG-BRIDGE-REPAIR,12,3,48,SR-MAS
ENG-GI-C,ENG,MBM-GI-UP_SUB,5,rotating_3,ENG-USFD-TEST;ENG-BRIDGE-INSP;ENG-BRIDGE-REPAIR,12,3,54,SR-MAS
ENG-STM-C,ENG,GI-STM-UP_SUB,5,rotating_3,ENG-USFD-TEST;ENG-BRIDGE-INSP;ENG-BRIDGE-REPAIR,12,3,54,SR-MAS
TRD-MAS-A,TRD,MAS-BBQ-UP_SUB,4,rotating_3,TRD-OHE-INSP;TRD-OHE-INSULATOR;TRD-OHE-TENSION;TRD-OHE-DROPPER;TRD-OHE-EARTHING;TRD-OHE-FAULT;TRD-OHE-YARD,12,3,48,SR-MAS
TRD-AVD-A,TRD,ABU-AVD-UP_SUB,4,rotating_3,TRD-OHE-INSP;TRD-OHE-INSULATOR;TRD-OHE-TENSION;TRD-OHE-DROPPER;TRD-OHE-EARTHING;TRD-OHE-FAULT;TRD-OHE-YARD,12,3,54,SR-MAS
TRD-AJJ-A,TRD,TRL-AJJ-UP,4,rotating_2,TRD-OHE-INSP;TRD-OHE-INSULATOR;TRD-OHE-TENSION;TRD-OHE-DROPPER;TRD-OHE-EARTHING;TRD-OHE-FAULT;TRD-OHE-YARD,12,2,52,SR-MAS
TRD-ENR-A,TRD,TNP-ENR-UP,6,rotating_2,TRD-OHE-INSP;TRD-OHE-INSULATOR;TRD-OHE-TENSION;TRD-OHE-DROPPER;TRD-OHE-EARTHING;TRD-OHE-FAULT;TRD-OHE-YARD,12,2,54,SR-MAS
TRD-GPD-A,TRD,PON-GPD-UP,4,rotating_3,TRD-OHE-INSP;TRD-OHE-INSULATOR;TRD-OHE-TENSION;TRD-OHE-DROPPER;TRD-OHE-EARTHING;TRD-OHE-FAULT;TRD-OHE-YARD,12,3,48,SR-MAS
TRD-MSB-A,TRD,MSB-MS-UP_SUB,5,rotating_2,TRD-OHE-INSP;TRD-OHE-INSULATOR;TRD-OHE-TENSION;TRD-OHE-DROPPER;TRD-OHE-EARTHING;TRD-OHE-FAULT;TRD-OHE-YARD,12,2,52,SR-MAS
TRD-GI-A,TRD,MBM-GI-UP_SUB,6,rotating_2,TRD-OHE-INSP;TRD-OHE-INSULATOR;TRD-OHE-TENSION;TRD-OHE-DROPPER;TRD-OHE-EARTHING;TRD-OHE-FAULT;TRD-OHE-YARD,12,2,54,SR-MAS
TRD-TBM-A,TRD,PV-TBM-UP_SUB,4,rotating_2,TRD-OHE-INSP;TRD-OHE-INSULATOR;TRD-OHE-TENSION;TRD-OHE-DROPPER;TRD-OHE-EARTHING;TRD-OHE-FAULT;TRD-OHE-YARD,12,2,48,SR-MAS
TRD-CGL-A,TRD,CGL-WJ-SINGLE,4,rotating_3,TRD-OHE-INSP;TRD-OHE-INSULATOR;TRD-OHE-TENSION;TRD-OHE-DROPPER;TRD-OHE-EARTHING;TRD-OHE-FAULT;TRD-OHE-YARD,12,3,48,SR-MAS
TRD-MAS-B,TRD,MAS-BBQ-UP_SUB,6,rotating_2,TRD-OHE-INSP;TRD-OHE-INSULATOR;TRD-OHE-TENSION;TRD-OHE-DROPPER;TRD-OHE-EARTHING;TRD-OHE-FAULT;TRD-OHE-YARD,12,2,54,SR-MAS
TRD-AVD-B,TRD,ABU-AVD-UP_SUB,6,rotating_2,TRD-OHE-INSP;TRD-OHE-INSULATOR;TRD-OHE-TENSION;TRD-OHE-DROPPER;TRD-OHE-EARTHING;TRD-OHE-FAULT;TRD-OHE-YARD,12,2,48,SR-MAS
TRD-AJJ-B,TRD,TRL-AJJ-UP,5,rotating_3,TRD-OHE-INSP;TRD-OHE-INSULATOR;TRD-OHE-TENSION;TRD-OHE-DROPPER;TRD-OHE-EARTHING;TRD-OHE-FAULT;TRD-OHE-YARD,12,3,52,SR-MAS
TRD-ENR-B,TRD,TNP-ENR-UP,6,rotating_3,TRD-OHE-INSP;TRD-OHE-INSULATOR;TRD-OHE-TENSION;TRD-OHE-DROPPER;TRD-OHE-EARTHING;TRD-OHE-FAULT;TRD-OHE-YARD,12,3,52,SR-MAS
TRD-GPD-B,TRD,PON-GPD-UP,5,rotating_3,TRD-OHE-INSP;TRD-OHE-INSULATOR;TRD-OHE-TENSION;TRD-OHE-DROPPER;TRD-OHE-EARTHING;TRD-OHE-FAULT;TRD-OHE-YARD,12,3,54,SR-MAS
TRD-MSB-B,TRD,MSB-MS-UP_SUB,7,rotating_3,TRD-OHE-WIRE-RENEW;TRD-OHE-MAST;TRD-NEUTRAL-SECTION,12,3,54,SR-MAS
TRD-GI-B,TRD,MBM-GI-UP_SUB,6,rotating_3,TRD-OHE-WIRE-RENEW;TRD-OHE-MAST;TRD-NEUTRAL-SECTION,12,3,52,SR-MAS
TRD-TBM-B,TRD,PV-TBM-UP_SUB,8,rotating_3,TRD-OHE-WIRE-RENEW;TRD-OHE-MAST;TRD-NEUTRAL-SECTION,12,3,54,SR-MAS
TRD-CGL-B,TRD,CGL-WJ-SINGLE,8,rotating_3,TRD-OHE-WIRE-RENEW;TRD-OHE-MAST;TRD-NEUTRAL-SECTION,12,3,48,SR-MAS
TRD-MAS-C,TRD,MAS-BBQ-UP_SUB,8,rotating_2,TRD-OHE-WIRE-RENEW;TRD-OHE-MAST;TRD-NEUTRAL-SECTION,12,2,48,SR-MAS
TRD-AVD-C,TRD,ABU-AVD-UP_SUB,6,rotating_3,TRD-OHE-WIRE-RENEW;TRD-OHE-MAST;TRD-NEUTRAL-SECTION,12,3,54,SR-MAS
TRD-AJJ-C,TRD,TRL-AJJ-UP,8,rotating_2,TRD-OHE-WIRE-RENEW;TRD-OHE-MAST;TRD-NEUTRAL-SECTION,12,2,52,SR-MAS
TRD-ENR-C,TRD,TNP-ENR-UP,7,rotating_2,TRD-OHE-WIRE-RENEW;TRD-OHE-MAST;TRD-NEUTRAL-SECTION,12,2,54,SR-MAS
TRD-GPD-C,TRD,PON-GPD-UP,5,day_only,TRD-SUBSTN-MAINT;TRD-SWITCHING-POST,12,0,48,SR-MAS
TRD-MSB-C,TRD,MSB-MS-UP_SUB,3,day_only,TRD-SUBSTN-MAINT;TRD-SWITCHING-POST,12,0,52,SR-MAS
TRD-GI-C,TRD,MBM-GI-UP_SUB,3,day_only,TRD-SUBSTN-MAINT;TRD-SWITCHING-POST,12,0,48,SR-MAS
TRD-TBM-C,TRD,PV-TBM-UP_SUB,5,day_only,TRD-SUBSTN-MAINT;TRD-SWITCHING-POST,12,0,48,SR-MAS
SNT-MAS-A,SNT,MAS-BBQ-UP_SUB,4,rotating_3,SNT-POINT-SERVICE;SNT-SIGNAL-LAMP;SNT-TRACK-CIRCUIT;SNT-AXLE-COUNTER;SNT-BLOCK-INSTRUMENT;SNT-LC-GATE,12,3,52,SR-MAS
SNT-PER-A,SNT,BBQ-PER-UP_SUB,4,rotating_2,SNT-POINT-SERVICE;SNT-SIGNAL-LAMP;SNT-TRACK-CIRCUIT;SNT-AXLE-COUNTER;SNT-BLOCK-INSTRUMENT;SNT-LC-GATE,12,2,52,SR-MAS
SNT-AVD-A,SNT,ABU-AVD-UP_SUB,3,rotating_2,SNT-POINT-SERVICE;SNT-SIGNAL-LAMP;SNT-TRACK-CIRCUIT;SNT-AXLE-COUNTER;SNT-BLOCK-INSTRUMENT;SNT-LC-GATE,12,2,54,SR-MAS
SNT-TRL-A,SNT,TI-TRL-UP,3,rotating_2,SNT-POINT-SERVICE;SNT-SIGNAL-LAMP;SNT-TRACK-CIRCUIT;SNT-AXLE-COUNTER;SNT-BLOCK-INSTRUMENT;SNT-LC-GATE,12,2,48,SR-MAS
SNT-AJJ-A,SNT,TRL-AJJ-UP,5,rotating_2,SNT-POINT-SERVICE;SNT-SIGNAL-LAMP;SNT-TRACK-CIRCUIT;SNT-AXLE-COUNTER;SNT-BLOCK-INSTRUMENT;SNT-LC-GATE,12,2,52,SR-MAS
SNT-TNP-A,SNT,BBQ-TNP-UP,4,rotating_3,SNT-POINT-SERVICE;SNT-SIGNAL-LAMP;SNT-TRACK-CIRCUIT;SNT-AXLE-COUNTER;SNT-BLOCK-INSTRUMENT;SNT-LC-GATE,12,3,54,SR-MAS
SNT-ENR-A,SNT,TNP-ENR-UP,4,rotating_3,SNT-POINT-SERVICE;SNT-SIGNAL-LAMP;SNT-TRACK-CIRCUIT;SNT-AXLE-COUNTER;SNT-BLOCK-INSTRUMENT;SNT-LC-GATE,12,3,52,SR-MAS
SNT-GPD-A,SNT,PON-GPD-UP,3,rotating_2,SNT-POINT-SERVICE;SNT-SIGNAL-LAMP;SNT-TRACK-CIRCUIT;SNT-AXLE-COUNTER;SNT-BLOCK-INSTRUMENT;SNT-LC-GATE,12,2,52,SR-MAS
SNT-MSB-A,SNT,MSB-MS-UP_SUB,5,rotating_2,SNT-POINT-SERVICE;SNT-SIGNAL-LAMP;SNT-TRACK-CIRCUIT;SNT-AXLE-COUNTER;SNT-BLOCK-INSTRUMENT;SNT-LC-GATE,12,2,48,SR-MAS
SNT-MS-A,SNT,MSB-MS-UP_SUB,4,rotating_2,SNT-POINT-SERVICE;SNT-SIGNAL-LAMP;SNT-TRACK-CIRCUIT;SNT-AXLE-COUNTER;SNT-BLOCK-INSTRUMENT;SNT-LC-GATE,12,2,54,SR-MAS
SNT-GI-A,SNT,MBM-GI-UP_SUB,4,rotating_2,SNT-POINT-SERVICE;SNT-SIGNAL-LAMP;SNT-TRACK-CIRCUIT;SNT-AXLE-COUNTER;SNT-BLOCK-INSTRUMENT;SNT-LC-GATE,12,2,48,SR-MAS
SNT-STM-A,SNT,GI-STM-UP_SUB,4,rotating_2,SNT-POINT-SERVICE;SNT-SIGNAL-LAMP;SNT-TRACK-CIRCUIT;SNT-AXLE-COUNTER;SNT-BLOCK-INSTRUMENT;SNT-LC-GATE,12,2,48,SR-MAS
SNT-TBM-A,SNT,PV-TBM-UP_SUB,4,rotating_2,SNT-POINT-SERVICE;SNT-SIGNAL-LAMP;SNT-TRACK-CIRCUIT;SNT-AXLE-COUNTER;SNT-BLOCK-INSTRUMENT;SNT-LC-GATE,12,2,48,SR-MAS
SNT-CGL-A,SNT,CGL-WJ-SINGLE,5,rotating_2,SNT-POINT-SERVICE;SNT-SIGNAL-LAMP;SNT-TRACK-CIRCUIT;SNT-AXLE-COUNTER;SNT-BLOCK-INSTRUMENT;SNT-LC-GATE,12,2,48,SR-MAS
SNT-CJ-A,SNT,WJ-CJ-SINGLE,4,rotating_2,SNT-POINT-SERVICE;SNT-SIGNAL-LAMP;SNT-TRACK-CIRCUIT;SNT-AXLE-COUNTER;SNT-BLOCK-INSTRUMENT;SNT-LC-GATE,12,2,48,SR-MAS
SNT-MAS-B,SNT,MAS-BBQ-UP_SUB,5,rotating_2,SNT-POINT-SERVICE;SNT-SIGNAL-LAMP;SNT-TRACK-CIRCUIT;SNT-AXLE-COUNTER;SNT-BLOCK-INSTRUMENT;SNT-LC-GATE,12,2,54,SR-MAS
SNT-PER-B,SNT,BBQ-PER-UP_SUB,5,rotating_3,SNT-POINT-SERVICE;SNT-SIGNAL-LAMP;SNT-TRACK-CIRCUIT;SNT-AXLE-COUNTER;SNT-BLOCK-INSTRUMENT;SNT-LC-GATE,12,3,52,SR-MAS
SNT-AVD-B,SNT,ABU-AVD-UP_SUB,3,rotating_3,SNT-POINT-SERVICE;SNT-SIGNAL-LAMP;SNT-TRACK-CIRCUIT;SNT-AXLE-COUNTER;SNT-BLOCK-INSTRUMENT;SNT-LC-GATE,12,3,54,SR-MAS
SNT-TRL-B,SNT,TI-TRL-UP,6,rotating_3,SNT-POINT-REPLACE;SNT-SIGNAL-REPLACE;SNT-INTERLOCK-TEST;SNT-CABLE-LAY,12,3,52,SR-MAS
SNT-AJJ-B,SNT,TRL-AJJ-UP,6,rotating_3,SNT-POINT-REPLACE;SNT-SIGNAL-REPLACE;SNT-INTERLOCK-TEST;SNT-CABLE-LAY,12,3,48,SR-MAS
SNT-TNP-B,SNT,BBQ-TNP-UP,4,rotating_2,SNT-POINT-REPLACE;SNT-SIGNAL-REPLACE;SNT-INTERLOCK-TEST;SNT-CABLE-LAY,12,2,48,SR-MAS
SNT-ENR-B,SNT,TNP-ENR-UP,6,rotating_2,SNT-POINT-REPLACE;SNT-SIGNAL-REPLACE;SNT-INTERLOCK-TEST;SNT-CABLE-LAY,12,2,48,SR-MAS
SNT-GPD-B,SNT,PON-GPD-UP,4,rotating_2,SNT-POINT-REPLACE;SNT-SIGNAL-REPLACE;SNT-INTERLOCK-TEST;SNT-CABLE-LAY,12,2,48,SR-MAS
SNT-MSB-B,SNT,MSB-MS-UP_SUB,6,rotating_3,SNT-POINT-REPLACE;SNT-SIGNAL-REPLACE;SNT-INTERLOCK-TEST;SNT-CABLE-LAY,12,3,52,SR-MAS
SNT-MS-B,SNT,MSB-MS-UP_SUB,5,rotating_3,SNT-POINT-REPLACE;SNT-SIGNAL-REPLACE;SNT-INTERLOCK-TEST;SNT-CABLE-LAY,12,3,52,SR-MAS
SNT-GI-B,SNT,MBM-GI-UP_SUB,5,rotating_3,SNT-POINT-REPLACE;SNT-SIGNAL-REPLACE;SNT-INTERLOCK-TEST;SNT-CABLE-LAY,12,3,48,SR-MAS
SNT-STM-B,SNT,GI-STM-UP_SUB,6,rotating_3,SNT-POINT-REPLACE;SNT-SIGNAL-REPLACE;SNT-INTERLOCK-TEST;SNT-CABLE-LAY,12,3,48,SR-MAS
SNT-TBM-B,SNT,PV-TBM-UP_SUB,5,rotating_2,SNT-POINT-REPLACE;SNT-SIGNAL-REPLACE;SNT-INTERLOCK-TEST;SNT-CABLE-LAY,12,2,52,SR-MAS
SNT-CGL-B,SNT,CGL-WJ-SINGLE,5,rotating_2,SNT-POINT-REPLACE;SNT-SIGNAL-REPLACE;SNT-INTERLOCK-TEST;SNT-CABLE-LAY,12,2,54,SR-MAS
SNT-CJ-B,SNT,WJ-CJ-SINGLE,6,rotating_3,SNT-POINT-REPLACE;SNT-SIGNAL-REPLACE;SNT-INTERLOCK-TEST;SNT-CABLE-LAY,12,3,48,SR-MAS
SNT-MAS-C,SNT,MAS-BBQ-UP_SUB,4,day_only,SNT-TELECOM;SNT-RELAY-ROOM,12,0,48,SR-MAS
SNT-PER-C,SNT,BBQ-PER-UP_SUB,4,day_only,SNT-TELECOM;SNT-RELAY-ROOM,12,0,48,SR-MAS
SNT-AVD-C,SNT,ABU-AVD-UP_SUB,4,day_only,SNT-TELECOM;SNT-RELAY-ROOM,12,0,52,SR-MAS
SNT-TRL-C,SNT,TI-TRL-UP,3,day_only,SNT-TELECOM;SNT-RELAY-ROOM,12,0,48,SR-MAS
SNT-AJJ-C,SNT,TRL-AJJ-UP,4,day_only,SNT-TELECOM;SNT-RELAY-ROOM,12,0,54,SR-MAS
SNT-TNP-C,SNT,BBQ-TNP-UP,3,day_only,SNT-TELECOM;SNT-RELAY-ROOM,12,0,48,SR-MAS
SNT-ENR-C,SNT,TNP-ENR-UP,3,day_only,SNT-TELECOM;SNT-RELAY-ROOM,12,0,48,SR-MAS
SNT-GPD-C,SNT,PON-GPD-UP,3,day_only,SNT-TELECOM;SNT-RELAY-ROOM,12,0,48,SR-MAS
